Workbook

Sheet SUMMARY
B2: DMC Thread Inventory Tracker | I2: Quick Start Guide: Add your threads to the sheet "DMC Threads - By Number" and it will auto populate in the "By Color" sheet. You can use the search function on either sheet. Want To Use "By Color" On Its Own? Hide the sheet "DMC Threads - By Color" by right clicking and selecting "hide". Then unhide "DMC Threads - By Color (2)".
B4: By Lord Libidan
C6: Yellow cells are those you can edit in the calculators.
B8: * | C8: An asterisk marks hard to find threads. These can be discontinued in some countries, or just not easy to get your hands on.
B11: Updated: | C11: 45962 | D11: Version: | E11: 18.5.5 | F11: Names: | G11: Core
F12: By Lord Libidan
B13: QUICK ACCESS BUTTONS
I15: Naming conventions: The DMC company have never officially supplied a list of names for embroidery threads (other than the 'new' 35'). This list has been complied using the most used names across retailers, resellers, designers and pattern & kit makers. If you would like a copy of the names used on the DMC website, or on a 2021 issued PDF, please contact us and we'll be able to supply!
B19: Color Charts
B23: Tools
I25: Want To Edit Sheets? That’s OK. If you see a password protected cell, or sheet, use the password "1234" to unlock them.
I29: Want To Print Sheets? Simply print "Print - By Number" and it will automatically update with the threads you own. To print blank sheets; unhide "Print - By Number - Blank"

Sheet Release Notes
A1: © Lord Libidan 2017 - 2026 | D1: Copyright covers both the excel sheet, color previews and naming conventions
A2: Version | B2: Names | C2: Release Date | D2: Additions/Corrections
A3: 18.5.4 | B3: Core | C3: 45962 | D3: Bug fix: Fixed missing cells in DMC Threads - By Color sheet
A5: 18.5.4 | B5: Core | C5: 45957 | D5: Added colors to discontinued threads sheet
D6: Added color breakout sheet for Coloris, Variation and Variegated threads
A8: 18.4.3 | B8: Core | C8: 45894 | D8: Bug fix: Corrected three colors pulling in from wrong cell in printable sheets
D9: Added 01 to 35 on thread conversion sheet
D10: Added 222 and 49 to discontinued
D11: Bug fix: Corrected order of some discontinued threads
D12: Small visual improvements
C13: sdghfgh
A14: 18.2.2 | B14: Core | C14: 45721 | D14: Added column lookup to By Color sheets
D15: Bug fix: Added lock feature to hidden By Color sheet
D16: Minor updates in Availability Checker sheet
D17: Bug fix: A few colours were bleeding over their cells
D18: Added printable sheet for By Number
A20: 18.1.9 | B20: Core | C20: 45710 | D20: Bug fix: Corrected issue with 792 on new sheet not looking up correctly
A22: 18.1.7 | B22: Core | C22: 45689 | D22: Added official Luca-S to conversion chart
D23: Added more 1920s to 1950s discontinued threads to discontinued sheet
D24: Added release notes to published version
D25: Added quick start guide and link to video on summary sheet
D26: Updated copyright tags to 2025
D27: Updated updated tags to 2025
D28: Added copyright traps
D29: Added functionality to copy "Order by Number" to "Order by Color" sheets
D30: Added some additional known discontinued threads
D31: Bug fix: Corrected alignment on tables in "Order by Color"
D32: Bug fix: Corrected fonts on both "Order by Color" sheets
A34: 17.1.2 | B34: Core | C34: 45566 | D34: Added locking functions to cells often broken and hidden sheets
D35: Added instructions for editing sheets
D36: Added more 1920s to 1950s discontinued threads to discontinued sheet
D37: Bug fix: Fixed issue with availability checker not working past row 30
A39: 16.0.7 | B39: Core | C39: 45536 | D39: Updated copyright tags to 2024
D40: Bug fix: Floss use estimator confused on line 27, doubling required skeins
D41: Added Limited Edition and Winnie The Pooh Threads
A43: 16.0.5 | B43: Core | C43: 45505 | D43: Added links to more information on discontinued & hard-to-find sheet
D44: Added partially discontinued threads to discontinued & hard-to-find sheet
D45: Added new copyright traps
D46: Updated naming conventions block to offer 'official' DMC names where requested
D47: Added "Representive" tag to some metalic colors
D48: Added discontinued Rayon threads
A50: 16.0.2 | B50: Core | C50: 45474 | D50: Added 1920s to 1950s discontinued threads to discontinued sheet
D51: Added links to more information on discontinued & hard-to-find sheet
D52: Replaced Main Color Chart image to higher quality
D53: Bug fix: Corrected incorrect metallic thread color examples hiding behind correct ones
D54: Updated "old official" names list link and replaced with wording
A56: 15.5.6 | B56: Core | C56: 45078 | D56: Bug fix: Fixed issue with thread name look up formula missing
D57: Updated "old official" names list link due to original hosting being removed
D58: Optimised file for use in Google Sheets and Open Office as well as Microsoft Excel
A60: 15.9.2 | B60: New DMC | C60: 45078 | D60: Started creating "official" names sheet following update of DMC website. Incomplete due to issues on the DMC website.
A62: 15.5.5 | B62: Core | C62: 45078 | D62: Added sheet for Discontinued & Hard-To-Find Threads including replacement threads
D63: Reduced file version to .xlm to allow for use on older Microsoft Excel versions
A65: 14.4.5 | B65: Core | C65: 44743 | D65: Added availability checker
D66: Added dimensions calculator
D67: Added floss use estimator
D68: Added thread conversion chart
D69: Bug: Fixed issue with errant selection on
D70: Added search functionality to Order by Color sheet
D71: Added copyright traps
D72: Bug fix: Corrected some metalic color examples not fully covering the cells
D73: Added Etoile Threads
D74: Added Satin Threads
A76: 14.4.6 | B76: Core | C76: 44682 | D76: Reverted to version 14.4.2
A78: 14.4.4 | B78: Core | C78: 44652 | D78: Added rudamentry search function
D79: Added rudamentry inventory location
A81: 14.4.2 | B81: Core | C81: 44652 | D81: Redesigned sheet with multiple tabs
D82: Added search functionality on Order By Name sheet
D83: Added some additional known discontinued threads
A85: 13.6.4 | B85: Core | C85: 44593 | D85: Added note on naming conventions
D86: Updated naming conventions to structure names differently
D87: Added copyright traps
D88: Added new official color card image
D89: Added more copyright notices
D90: Functionality on version 12 (Sept 2021) removed
D91: Bug fix: Corrected an issue with many users needing to "calculate all" on regular basis
D92: Added linen threads
D93: Created new Summary page
A95: 12 | B95: Core | C95: 44440 | D95: Added a test variant with a double lookup feature
A97: 11 | B97: Core | C97: 44409 | D97: Bug fix: Removed a second instance of 4010 under discontinued column
D98: Bug fix: Removed hard-to-find notation from 4010
D99: Added a "Hard-to-Find" column to specify some discontinued threads can still be found even if not produced any more.
D100: Added "US only" threads
A102: 10 | B102: Core | C102: 44317 | D102: Removed: Function to copy thread counts from "Order by Number" to "Order by Color" and visa-versa removed due to repeated virus messages on older Windows computers
D103: Bug fix: Corrected some incorrect metallic thread color examples
D104: Added copyright traps
A106: 9 | B106: Core | C106: 44228 | D106: Added "Order by Color" to sheet
D107: Added color examples for Discontinued Variegated and Metallic Threads
D108: Added Column Look Up sheet
D109: Added notes for hard to find threads under each column featuring them
A111: DMC | B111: Official | C111: 44197 | D111: Assisted the DMC company in creating a copyright free list of names for their threads
D112: Future updates to this document on a different release notes log
A114: 8 | B114: Core | C114: 43891 | D114: Added color examples to sheet
D115: Updated naming conventions to use full words instead of abreviations
D116: Older naming conventions marked as "Old"
D117: Added copyright traps
D118: Added discontinued threads
D119: Updated color examples of 43 threads
D120: Added ^ notation for hard to find threads
A122: PDF-1 | B122: PDF | C122: 43709 | D122: Created a PDF version of the document
D123: Future updates to this document on a different release notes log
...

Sheet DMC Threads - By Number
B2: SEARCH | C2: Name | D2: Owned
B3: 310 | C3: =VLOOKUP(B3,Sheet1!A1:C815,2,FALSE) -> Black | D3: =VLOOKUP(B3,Sheet1!A1:C815,3,FALSE) -> 0
G4: By Lord Libidan
B5: Number | C5: Name | D5: Color | E5: Owned | G5: Number | H5: Name | I5: Color | J5: Owned | L5: Number | M5: Name | N5: Color | O5: Owned | Q5: Number | R5: Name | S5: Color | T5: Owned | V5: Number | W5: Name | X5: Color | Y5: Owned | AA5: Number | AB5: Name | AC5: Color | AD5: Owned | AF5: Number | AG5: Name | AH5: Color | AI5: Owned | AK5: Number | AL5: Name | AM5: Color | AN5: Owned | AP5: Number | AQ5: Name | AR5: Color | AS5: Owned | AU5: Number | AV5: Name | AW5: Color | AX5: Owned | AZ5: Number | BA5: Name | BB5: Color | BC5: Owned | BE5: Number | BF5: Name | BG5: Color | BH5: Owned | BJ5: Number | BK5: Name | BL5: Color | BM5: Owned | BO5: Discontinued/Hard-To-Find Variegated Threads | BT5: Discontinued/Hard-To-Find Metallic Threads
B6: Ecru | C6: Ecru/off-white | G6: 300 | H6: Mahogany - Very Dark | L6: 517 | M6: Wedgewood - Dark | Q6: 739 | R6: Tan - Ultra Very Light | V6: 890 | W6: Pistachio Green - Ultra Dark | AA6: 988 | AB6: Forest Green - Medium | AF6: 3752 | AG6: Antique Blue - Very Light | AK6: 3845 | AL6: Bright Turquoise - Medium | AP6: E146* | AQ6: Metallic - Tropical Delight | AU6: 4120 | AV6: Variations - Tropical Sunset | AZ6: 4500 | BA6: Coloris - Columbine Gardens | BE6: S5200 | BF6: Satin - Snow White | BJ6: 30300 | BK6: Discontinued Rayon - Very Dark Mahogany | BO6: Number | BP6: Name | BQ6: Color | BR6: Owned | BT6: Number | BU6: Name | BV6: Color | BW6: Owned
B7: Blanc^ | C7: White | G7: 301 | H7: Mahogany - Medium | L7: 518 | M7: Wedgewood - Light | Q7: 740 | R7: Tangerine | V7: 891 | W7: Carnation - Dark | AA7: 989 | AB7: Forest Green | AF7: 3753 | AG7: Antique Blue - Ultra Very Light | AK7: 3846 | AL7: Bright Turquoise - Light | AP7: E148* | AQ7: Metallic - Purple Essence | AU7: 4124 | AV7: Variations - Bonfire | AZ7: 4501 | BA7: Coloris - Wildflowers | BE7: S211 | BF7: Satin - Lavender | BJ7: 30301 | BK7: Discontinued Rayon - Medium Mahogany | BO7: 48* | BP7: Discontinued Variegated - Baby Pink | BT7: 5269* | BU7: Discontinued Metallic - Green Emerald
B8: White^ | C8: White | G8: 304 | H8: Red - Medium | L8: 519 | M8: Sky Blue | Q8: 741 | R8: Tangerine - Medium | V8: 892 | W8: Carnation - Medium | AA8: 991 | AB8: Aquamarine - Dark | AF8: 3755 | AG8: Baby Blue | AK8: 3847 | AL8: Teal Green - Dark | AP8: E150* | AQ8: Metallic - Deep Water Blue | AU8: 4126 | AV8: Variations - Desert Canyon | AZ8: 4502 | BA8: Coloris - Camelia | BE8: S307 | BF8: Satin - Lemon | BJ8: 30307 | BK8: Discontinued Rayon - Lemon | BO8: 49* | BP8: Discontinued Variegated - Burnt Sage | BT8: 5270* | BU8: Discontinued Metallic - Dark Red Ruby
B9: B5200 | C9: Snow White | G9: 307 | H9: Lemon | L9: 520 | M9: Fern Green - Dark | Q9: 742 | R9: Tangerine - Light | V9: 893 | W9: Carnation - Light | AA9: 992 | AB9: Aquamarine - Light | AF9: 3756 | AG9: Baby Blue - Light | AK9: 3848 | AL9: Teal Green - Medium | AP9: E152* | AQ9: Metallic - Pink Shimmer | AU9: 4128 | AV9: Variations - Gold Coast | AZ9: 4503 | BA9: Coloris - Wisteria | BE9: S310 | BF9: Satin - Black | BJ9: 30310 | BK9: Discontinued Rayon - Black | BO9: 51* | BP9: Discontinued Variegated - Burnt Orange | BT9: 5272* | BU9: Discontinued Metallic - White
B10: 1 | C10: White Tin | G10: 309 | H10: Rose - Dark | L10: 522 | M10: Fern Green | Q10: 743 | R10: Yellow - Medium | V10: 894 | W10: Carnation - Very Light | AA10: 993 | AB10: Aquamarine - Very Light | AF10: 3760 | AG10: Wedgewood - Medium | AK10: 3849 | AL10: Teal Green - Light | AP10: E154* | AQ10: Metallic - Opalescent Rays | AU10: 4130 | AV10: Variations - Chilean Sunset | AZ10: 4504 | BA10: Coloris - Hydrangea | BE10: S321 | BF10: Satin - Red | BJ10: 30326 | BK10: Discontinued Rayon - Very Dark Rose | BO10: 52* | BP10: Discontinued Variegated - Violet | BT10: 5279* | BU10: Discontinued Metallic - Copper
B11: 2 | C11: Tin | G11: 310 | H11: Black | L11: 523 | M11: Fern Green - Light | Q11: 744 | R11: Yellow - Pale | V11: 895 | W11: Hunter Green - Very Dark | AA11: 995 | AB11: Electric Blue - Dark | AF11: 3761 | AG11: Sky Blue - Light | AK11: 3850 | AL11: Bright Green - Dark | AP11: E155 | AQ11: Metallic - Amethyst | AU11: 4140 | AV11: Variations - Driftwood | AZ11: 4505 | BA11: Coloris - Heather | BE11: S326 | BF11: Satin - Rose | BJ11: 30336 | BK11: Discontinued Rayon - Navy Blue | BO11: 53* | BP11: Discontinued Variegated - Steel Gray | BT11: 5282* | BU11: Discontinued Metallic - Light Gold
B12: 3 | C12: Tin - Medium | G12: 311 | H12: Blue - Medium | L12: 524 | M12: Fern Green - Very Light | Q12: 745 | R12: Yellow - Light Pale | V12: 898 | W12: Coffee Brown - Very Dark | AA12: 996 | AB12: Electric Blue - Medium | AF12: 3765 | AG12: Peacock Blue - Very Dark | AK12: 3851 | AL12: Bright Green - Light | AP12: E168 | AQ12: Metallic - Silver | AU12: 4145 | AV12: Variations - Sandune | AZ12: 4506 | BA12: Coloris - Spring | BE12: S336* | BF12: Satin - Blue | BJ12: 30351 | BK12: Discontinued Rayon - Coral | BO12: 57* | BP12: Discontinued Variegated - Red | BT12: 5283* | BU12: Discontinued Metallic - Silver
B13: 4 | C13: Tin - Dark | G13: 312 | H13: Baby Blue - Very Dark | L13: 535 | M13: Ash Gray - Very Light | Q13: 746 | R13: Off White | V13: 899 | W13: Rose - Medium | AA13: 3011 | AB13: Khaki Green - Dark | AF13: 3766 | AG13: Peacock Blue - Light | AK13: 3852 | AL13: Straw - Very Dark | AP13: E211 | AQ13: Metallic - Lilac | AU13: 4150 | AV13: Variations - Desert Sand | AZ13: 4507 | BA13: Coloris - Bouginvillea | BE13: S351 | BF13: Satin - Coral | BJ13: 30352 | BK13: Discontinued Rayon - Light Coral | BO13: 61* | BP13: Discontinued Variegated - Topaz | BT13: 5284* | BU13: Discontinued Metallic - Dark Gold
B14: 5 | C14: Driftwood - Light | G14: 315 | H14: Antique Mauve - Medium Dark | L14: 543 | M14: Beige Brown - Ultra Very Light | Q14: 747 | R14: Sky Blue - Very Light | V14: 900 | W14: Burnt Orange - Dark | AA14: 3012 | AB14: Khaki Green - Medium | AF14: 3768 | AG14: Gray Green - Dark | AK14: 3853 | AL14: Autumn Gold - Dark | AP14: E301 | AQ14: Metallic - Copper | AU14: 4160 | AV14: Variations - Glistening Pearl | AZ14: 4508 | BA14: Coloris - Frosted Countryside | BE14: S352 | BF14: Satin - Coral Light | BJ14: 30434 | BK14: Discontinued Rayon - Light Brown | BO14: 62* | BP14: Discontinued Variegated - Dusty Rose | BT14: 5287* | BU14: Discontinued Metallic - Titanium
B15: 6 | C15: Driftwood - Medium Light | G15: 316 | H15: Antique Mauve - Medium | L15: 550 | M15: Violet - Very Dark | Q15: 754 | R15: Peach - Light | V15: 902 | W15: Garnet - Very Dark | AA15: 3013 | AB15: Khaki Green - Light | AF15: 3770 | AG15: Tawny - Very Light | AK15: 3854 | AL15: Autumn Gold - Medium | AP15: E310 | AQ15: Metallic - Ebony | AU15: 4170 | AV15: Variations - Whispering Wind | AZ15: 4509 | BA15: Coloris - Granite Coast | BE15: S367 | BF15: Satin - Pistachio Green | BJ15: 30435 | BK15: Discontinued Rayon - Very Light Brown | BO15: 67* | BP15: Discontinued Variegated - Baby Blue | BT15: 5288* | BU15: Discontinued Metallic - Pink Amethyst
B16: 7 | C16: Driftwood | G16: 317 | H16: Pewter Gray | L16: 552 | M16: Violet - Medium | Q16: 758 | R16: Terra Cotta - Very Light | V16: 904 | W16: Parrot Green - Very Dark | AA16: 3021 | AB16: Brown Gray - Very Dark | AF16: 3771 | AG16: Peach - Dark | AK16: 3855 | AL16: Autumn Gold - Light | AP16: E316 | AQ16: Metallic - Pink Amethyst | AU16: 4180 | AV16: Variations - Rose Petals | AZ16: 4510 | BA16: Coloris - Maple | BE16: S414* | BF16: Satin - Steel Grey | BJ16: 30469 | BK16: Discontinued Rayon - Avocado Green | BO16: 69* | BP16: Discontinued Variegated - Terra Cotta | BT16: 5289* | BU16: Discontinued Metallic - Purple Ruby
B17: 8 | C17: Driftwood - Dark | G17: 318 | H17: Steel Gray - Light | L17: 553 | M17: Violet | Q17: 760 | R17: Salmon | V17: 905 | W17: Parrot Green - Dark | AA17: 3022 | AB17: Brown Gray - Medium | AF17: 3772 | AG17: Desert Sand - Very Dark | AK17: 3856 | AL17: Mahogany - Ultra Very Light | AP17: E317 | AQ17: Metallic - Titanium | AU17: 4190 | AV17: Variations - Ocean Coral | AZ17: 4511 | BA17: Coloris - Indian Summer | BE17: S415 | BF17: Satin - Pearl Grey | BJ17: 30501 | BK17: Discontinued Rayon - Dark Blue Green | BO17: 75* | BP17: Discontinued Variegated - Cranberry | BT17: 5290* | BU17: Discontinued Metallic - Light Blue Sapphire
B18: 9 | C18: Cocoa - Very Dark | G18: 319 | H18: Pistachio Green - Very Dark | L18: 554 | M18: Violet - Light | Q18: 761 | R18: Salmon - Light | V18: 906 | W18: Parrot Green - Medium | AA18: 3023 | AB18: Brown Gray - Light | AF18: 3773* | AG18: Desert Sand - Medium | AK18: 3857 | AL18: Rosewood - Dark | AP18: E321 | AQ18: Metallic - Red Ruby | AU18: 4200 | AV18: Variations - Wild Fire | AZ18: 4512 | BA18: Coloris - States | BE18: S434* | BF18: Satin - Brown | BJ18: 30503 | BK18: Discontinued Rayon - Medium Blue Green | BO18: 90* | BP18: Discontinued Variegated - Yellow | BT18: 5290* | BU18: Discontinued Metallic - Royal Blue
B19: 10 | C19: Tender Green - Very Light | G19: 320 | H19: Pistachio Green - Medium | L19: 561 | M19: Jade - Very Dark | Q19: 762 | R19: Pearl Gray - Very Light | V19: 907 | W19: Parrot Green - Light | AA19: 3024 | AB19: Brown Gray - Very Light | AF19: 3774 | AG19: Desert Sand - Very Light | AK19: 3858 | AL19: Rosewood - Medium | AP19: E334 | AQ19: Metallic - Blue Topaz | AU19: 4210 | AV19: Variations - Radiant Ruby | AZ19: 4513 | BA19: Coloris - London | BE19: S469* | BF19: Satin - Avacado Green | BJ19: 30504 | BK19: Discontinued Rayon - Light Blue Green | BO19: 91* | BP19: Discontinued Variegated - Turquoise | BT19: E131* | BU19: Discontinued Metallic - Carnivale Fun | BV19: Representative
B20: 11 | C20: Tender Green - Light | G20: 321 | H20: Red | L20: 562 | M20: Jade - Medium | Q20: 772 | R20: Yellow Green - Very Light | V20: 909 | W20: Emerald Green - Very Dark | AA20: 3031 | AB20: Mocha Brown - Very Dark | AF20: 3776 | AG20: Mahogany - Light | AK20: 3859 | AL20: Rosewood - Light | AP20: E415 | AQ20: Metallic - Pewter | AU20: 4215 | AV20: Variations - Northern Lights | AZ20: 4514 | BA20: Coloris - Venice | BE20: S471 | BF20: Satin - Avocado Green Very Light | BJ20: 30543 | BK20: Discontinued Rayon - Ultra Very Light Beige Brown | BO20: 92* | BP20: Discontinued Variegated - Avocado | BT20: E133* | BU20: Discontinued Metallic - Midnight Madness | BV20: Representative
B21: 12 | C21: Tender Green | G21: 322 | H21: Baby Blue | L21: 563 | M21: Jade - Light | Q21: 775 | R21: Baby Blue - Very Light | V21: 910 | W21: Emerald Green - Dark | AA21: 3032 | AB21: Mocha Brown - Medium | AF21: 3777 | AG21: Terra Cotta - Very Dark | AK21: 3860 | AL21: Cocoa | AP21: E436 | AQ21: Metallic - Golden Oak | AU21: 4220 | AV21: Variations - Lavender Fields | AZ21: 4515 | BA21: Coloris - Paris | BE21: S472 | BF21: Satin - Avocado Green Ultra Light | BJ21: 30550 | BK21: Discontinued Rayon - Very Dark Violet | BO21: 93* | BP21: Discontinued Variegated - Cornflower Blue | BT21: E136* | BU21: Discontinued Metallic - Emerald Isle | BV21: Representative
B22: 13 | C22: Nile Green - Medium Light | G22: 326 | H22: Rose - Very Dark | L22: 564 | M22: Jade - Very Light | Q22: 776* | R22: Pink - Medium | V22: 911 | W22: Emerald Green - Medium | AA22: 3033 | AB22: Mocha Brown - Very Light | AF22: 3778 | AG22: Terra Cotta - Light | AK22: 3861 | AL22: Cocoa - Light | AP22: E677 | AQ22: Metallic - White Gold | AU22: 4230 | AV22: Variations - Crystal Water | AZ22: 4516 | BA22: Coloris - Black Forest | BE22: S501* | BF22: Satin - Blue Green Dark | BJ22: 30552 | BK22: Discontinued Rayon - Medium Violet | BO22: 94* | BP22: Discontinued Variegated - Khaki Green | BT22: E138* | BU22: Discontinued Metallic - Opalescent Rays | BV22: Representative
B23: 14 | C23: Apple Green - Pale | G23: 327 | H23: Violet | L23: 580 | M23: Moss Green - Dark | Q23: 777 | R23: Red - Deep | V23: 912 | W23: Emerald Green - Light | AA23: 3041 | AB23: Antique Violet - Medium | AF23: 3779 | AG23: Terra Cotta - Ultra Very Light | AK23: 3862 | AL23: Mocha Beige - Dark | AP23: E699 | AQ23: Metallic - Green Emerald | AU23: 4235 | AV23: Variations - Arctic Sea | AZ23: 4517 | BA23: Coloris - Elves | BE23: S504 | BF23: Satin - Blue Green | BJ23: 30553 | BK23: Discontinued Rayon - Violet | BO23: 95* | BP23: Discontinued Variegated - Purple | BT23: E140* | BU23: Discontinued Metallic - Tropical Delight | BV23: Representative
B24: 15 | C24: Apple Green | G24: 333 | H24: Blue Violet - Very Dark | L24: 581 | M24: Moss Green | Q24: 778 | R24: Antique Mauve - Very Light | V24: 913 | W24: Nile Green - Medium | AA24: 3042 | AB24: Antique Violet - Light | AF24: 3781 | AG24: Mocha Brown - Dark | AK24: 3863 | AL24: Mocha Beige - Medium | AP24: E703 | AQ24: Metallic - Light Green Emerald | AU24: 4240 | AV24: Variations - Mid Summer Night | AZ24: 4518 | BA24: Coloris - Cottage | BE24: S550 | BF24: Satin - Violet Dark | BJ24: 30554 | BK24: Discontinued Rayon - Light Violet | BO24: 99* | BP24: Discontinued Variegated - Mauve | BT24: E141* | BU24: Discontinued Metallic - Holiday Sparkle | BV24: Representative
B25: 16 | C25: Chartreuse - Light | G25: 334 | H25: Baby Blue - Medium | L25: 597 | M25: Turquoise | Q25: 779 | R25: Brown | V25: 915 | W25: Plum - Dark | AA25: 3045 | AB25: Yellow Beige - Dark | AF25: 3782 | AG25: Mocha Brown - Light | AK25: 3864 | AL25: Mocha Beige - Light | AP25: E718 | AQ25: Metallic - Pink Garnet | AZ25: 4519 | BA25: Coloris - Jingle Bells | BE25: S552 | BF25: Satin - Violet Medium | BJ25: 30580 | BK25: Discontinued Rayon - Dark Moss Green | BO25: 101* | BP25: Discontinued Variegated - Spring Green | BT25: E144* | BU25: Discontinued Metallic - Majestic Metals | BV25: Representative
B26: 17 | C26: Yellow Plum - Light | G26: 335 | H26: Rose | L26: 598 | M26: Turquoise - Light | Q26: 780 | R26: Topaz - Ultra Very Dark | V26: 917 | W26: Plum - Medium | AA26: 3046 | AB26: Yellow Beige - Medium | AF26: 3787 | AG26: Brown Gray - Dark | AK26: 3865 | AL26: Winter White | AP26: E746 | AQ26: Metallic - Cream | AZ26: 4520 | BA26: Coloris - Christmas Story | BE26: S553* | BF26: Satin - Violet | BJ26: 30601 | BK26: Discontinued Rayon - Dark Cranberry | BO26: 102* | BP26: Discontinued Variegated - Dark Violet | BT26: E146* | BU26: Discontinued Metallic - Caribbean Ripples | BV26: Representative
B27: 18 | C27: Yellow Plum | G27: 336 | H27: Blue | L27: 600 | M27: Cranberry - Very Dark | Q27: 781* | R27: Topaz - Very Dark | V27: 918 | W27: Red Copper - Dark | AA27: 3047 | AB27: Yellow Beige - Light | AF27: 3790 | AG27: Beige Gray - Ultra Dark | AK27: 3866 | AL27: Mocha Brown - Ultra Very Light | AP27: E747 | AQ27: Metallic - Baby Blue | AZ27: 4521 | BA27: Coloris - Wide Open Spaces | BE27: S601 | BF27: Satin - Cranberry Dark | BJ27: 30602 | BK27: Discontinued Rayon - Medium Cranberry | BO27: 103* | BP27: Discontinued Variegated - Royal Blue | BT27: E148* | BU27: Discontinued Metallic - Purple Essence | BV27: Representative
B28: 19 | C28: Autumn Gold - Medium Light | G28: 340 | H28: Blue Violet - Medium | L28: 601 | M28: Cranberry - Dark | Q28: 782 | R28: Topaz - Dark | V28: 919 | W28: Red Copper | AA28: 3051 | AB28: Green Gray - Dark | AF28: 3799 | AG28: Pewter Gray - Very Dark | AK28: 3880* | AL28: Shell Pink - Light | AP28: E815 | AQ28: Metallic - Dark Red Ruby | AZ28: 4522 | BA28: Coloris - Canadian Night | BE28: S602 | BF28: Satin - Cranberry | BJ28: 30606 | BK28: Discontinued Rayon - Bright Orange Red | BO28: 104* | BP28: Discontinued Variegated - Lemon | BT28: E150* | BU28: Discontinued Metallic - Deep Water Blue | BV28: Representative
B29: 20 | C29: Shrimp | G29: 341 | H29: Blue Violet - Light | L29: 602 | M29: Cranberry - Medium | Q29: 783 | R29: Topaz - Medium | V29: 920 | W29: Copper - Medium | AA29: 3052 | AB29: Green Gray - Medium | AF29: 3801 | AG29: Melon - Very Dark | AK29: 3881* | AL29: Green - Light | AP29: E818 | AQ29: Metallic - Soft Pink | AZ29: 4523 | BA29: Coloris - North Wind | BE29: S606 | BF29: Satin - Orange Red | BJ29: 30666 | BK29: Discontinued Rayon - Bright Red | BO29: 105* | BP29: Discontinued Variegated - Tan Brown | BT29: E152* | BU29: Discontinued Metallic - Pink Shimmer | BV29: Representative
B30: 21 | C30: Alizarian - Light | G30: 347 | H30: Salmon - Very Dark | L30: 603 | M30: Cranberry - Light Medium | Q30: 791 | R30: Cornflower Blue - Very Dark | V30: 921 | W30: Copper | AA30: 3053 | AB30: Green Gray | AF30: 3802 | AG30: Antique Mauve - Very Dark | AK30: 3882* | AL30: Beige Brown - Dark | AP30: E825 | AQ30: Metallic - Blue Sapphire | AZ30: CBlanc | BA30: Étoile - White | BE30: S666* | BF30: Satin - Red Bright | BJ30: 30676 | BK30: Discontinued Rayon - Light Old Gold | BO30: 106* | BP30: Discontinued Variegated - Coral | BT30: E154* | BU30: Discontinued Metallic - All That Jazz | BV30: Representative
B31: 22 | C31: Alizarian | G31: 349 | H31: Coral - Dark | L31: 604 | M31: Cranberry - Light | Q31: 792 | R31: Cornflower Blue - Dark | V31: 922 | W31: Copper - Light | AA31: 3064 | AB31: Desert Sand | AF31: 3803 | AG31: Mauve - Dark | AK31: 3883* | AL31: Orange Spice - Light | AP31: E898 | AQ31: Metallic - Dark Oak | AZ31: CEcru | BA31: Étoile - Ecru/off-white | BE31: S676* | BF31: Satin - Old Gold | BJ31: 30702 | BK31: Discontinued Rayon - Kelly Green | BO31: 107* | BP31: Discontinued Variegated - Carnation | BT31: E170* | BU31: Discontinued Metallic - White Silver
B32: 23 | C32: Apple Blossom | G32: 350 | H32: Coral - Medium | L32: 605 | M32: Cranberry - Very Light | Q32: 793 | R32: Cornflower Blue - Medium | V32: 924 | W32: Gray Green - Very Dark | AA32: 3072 | AB32: Beaver Gray - Very Light | AF32: 3804 | AG32: Cyclamen Pink - Dark | AK32: 3884* | AL32: Ash Gray - Very Light | AP32: E966 | AQ32: Metallic - Lime | AZ32: C310 | BA32: Étoile - Black | BE32: S700 | BF32: Satin - Green | BJ32: 30712 | BK32: Discontinued Rayon - Cream | BO32: 108* | BP32: Discontinued Variegated - Yellow Orange | BT32: E305* | BU32: Discontinued Metallic - Titanium
B33: 24 | C33: White Lavender | G33: 351 | H33: Coral | L33: 606 | M33: Orange-red - Bright | Q33: 794 | R33: Cornflower Blue - Light | V33: 926 | W33: Gray Green - Medium | AA33: 3078 | AB33: Golden Yellow - Very Light | AF33: 3805 | AG33: Cyclamen Pink | AK33: 3885* | AL33: Baby Blue - Very Dark | AP33: E967 | AQ33: Metallic - Soft Peach | AZ33: C318 | BA33: Étoile - Steel Gray - Light | BE33: S702* | BF33: Satin - Kelly Green | BJ33: 30726 | BK33: Discontinued Rayon - Light Topaz | BO33: 111* | BP33: Discontinued Variegated - Mustard | BT33: E3821* | BU33: Discontinued Metallic - Straw Gold
B34: 25 | C34: Lavender - Ultra Light | G34: 352 | H34: Coral - Light | L34: 608 | M34: Orange - Bright | Q34: 796 | R34: Royal Blue - Dark | V34: 927 | W34: Gray Green - Light | AA34: 3325 | AB34: Baby Blue - Light | AF34: 3806 | AG34: Cyclamen Pink - Light | AK34: 3886* | AL34: Mauve - Very Dark | AP34: E3685 | AQ34: Metallic - Rosewood | AZ34: C321 | BA34: Étoile - Red | BE34: S712* | BF34: Satin - Cream | BJ34: 30742 | BK34: Discontinued Rayon - Light Tangerine | BO34: 112* | BP34: Discontinued Variegated - Salmon | BT34: E3868* | BU34: Discontinued Metallic - Light Silver
B35: 26 | C35: Lavender - Pale | G35: 353 | H35: Peach | L35: 610 | M35: Drab Brown - Dark | Q35: 797 | R35: Royal Blue | V35: 928 | W35: Gray Green - Very Light | AA35: 3326 | AB35: Rose - Light | AF35: 3807 | AG35: Cornflower Blue | AK35: 3887* | AL35: Lavender - Very Dark | AP35: E3747 | AQ35: Metallic - Sky Blue | AZ35: C415 | BA35: Étoile - Pearl Grey | BE35: S726* | BF35: Satin - Topaz | BJ35: 30744 | BK35: Discontinued Rayon - Pale Yellow | BO35: 113* | BP35: Discontinued Variegated - Wedgewood Blue | BT35: E3870* | BU35: Discontinued Metallic - Bronze Gold
B36: 27 | C36: White Violet | G36: 355 | H36: Terra Cotta - Dark | L36: 611 | M36: Drab Brown | Q36: 798 | R36: Delft Blue - Dark | V36: 930 | W36: Antique Blue - Dark | AA36: 3328 | AB36: Salmon - Dark | AF36: 3808 | AG36: Turquoise - Ultra Very Dark | AK36: 3888* | AL36: Antique Violet - Dark | AP36: E3821 | AQ36: Metallic - Light Gold | AZ36: C433 | BA36: Étoile - Brown - Medium | BE36: S738* | BF36: Satin - Tan Dark | BJ36: 30797 | BK36: Discontinued Rayon - Royal Blue | BO36: 114* | BP36: Discontinued Variegated - Lime Green | BT36: SPBlanc* | BU36: Discontinued Secret Perfume - Lily Of The Valley
B37: 28 | C37: Eggplant - Medium Light | G37: 356 | H37: Terra Cotta - Medium | L37: 612 | M37: Drab Brown - Light | Q37: 799 | R37: Delft Blue - Medium | V37: 931 | W37: Antique Blue - Medium | AA37: 3340 | AB37: Apricot - Medium | AF37: 3809 | AG37: Turquoise - Very Dark | AK37: 3889* | AL37: Lemon - Light | AP37: E3837 | AQ37: Metallic - Purple Ruby | AZ37: C436 | BA37: Étoile - Tan | BE37: S739* | BF37: Satin - Tan | BJ37: 30798 | BK37: Discontinued Rayon - Dark Delft Blue | BO37: 115* | BP37: Discontinued Variegated - Garnet | BT37: SP321* | BU37: Discontinued Secret Perfume - Strawberry
B38: 29 | C38: Eggplant | G38: 367 | H38: Pistachio Green - Dark | L38: 613 | M38: Drab Brown - Very Light | Q38: 800 | R38: Delft Blue - Pale | V38: 932 | W38: Antique Blue - Light | AA38: 3341 | AB38: Apricot | AF38: 3810 | AG38: Turquoise - Dark | AK38: 3890* | AL38: Peacock Blue - Light | AP38: E3843 | AQ38: Metallic - Light Blue Sapphire | AZ38: C444 | BA38: Étoile - Lemon - Dark | BE38: S741 | BF38: Satin - Tangerine | BJ38: 30799 | BK38: Discontinued Rayon - Medium Delft Blue | BO38: 116* | BP38: Discontinued Variegated - Cyclamen Pink | BT38: SP340* | BU38: Discontinued Secret Perfume - Lavender
B39: 30 | C39: Blueberry - Medium Light | G39: 368 | H39: Pistachio Green - Light | L39: 632 | M39: Desert Sand - Ultra Very Dark | Q39: 801 | R39: Coffee Brown - Dark | V39: 934 | W39: Avocado Green - BLACK | AA39: 3345 | AB39: Hunter Green - Dark | AF39: 3811 | AG39: Turquoise - Very Light | AK39: 3891* | AL39: Electric Blue - Dark | AP39: E3849 | AQ39: Metallic - Aquamarine Blue | AZ39: C471 | BA39: Étoile - Avocado Green - Very Light | BE39: S744* | BF39: Satin - Yellow | BJ39: 30813 | BK39: Discontinued Rayon - Light Blue | BO39: 121* | BP39: Discontinued Variegated - Delft Blue | BT39: SP603* | BU39: Discontinued Secret Perfume - Rose
B40: 31 | C40: Blueberry | G40: 369 | H40: Pistachio Green - Very Light | L40: 640 | M40: Beige Gray - Very Dark | Q40: 803 | R40: Blue - Deep | V40: 935 | W40: Avocado Green - Dark | AA40: 3346 | AB40: Hunter Green | AF40: 3812 | AG40: Seagreen - Very Dark | AK40: 3892* | AL40: Tangerine | AP40: E3852 | AQ40: Metallic - Dark Gold | AZ40: C519 | BA40: Étoile - Sky Blue | BE40: S745* | BF40: Satin - Yellow Pale | BJ40: 30814 | BK40: Discontinued Rayon - Dark Garnet | BO40: 122* | BP40: Discontinued Variegated - Olive Green | BT40: SP703* | BU40: Discontinued Secret Perfume - Apple
B41: 32 | C41: Blueberry - Dark | G41: 370 | H41: Mustard - Medium | L41: 642 | M41: Beige Gray - Dark | Q41: 806* | R41: Peacock Blue - Dark | V41: 936 | W41: Avocado Green - Very Dark | AA41: 3347 | AB41: Yellow Green - Medium | AF41: 3813 | AG41: Blue Green - Light | AK41: 3893* | AL41: Beige Brown - Ultra Very Light | AP41: E980 | AQ41: Neon - Neon Yellow | AZ41: C550 | BA41: Étoile - Violet - Very Dark | BE41: S762* | BF41: Satin - Pearl Grey | BJ41: 30818 | BK41: Discontinued Rayon - Baby Pink | BO41: 123* | BP41: Discontinued Variegated - Teal | BT41: SP726* | BU41: Discontinued Secret Perfume - Lemon
B42: 33 | C42: Fuchsia | G42: 371 | H42: Mustard | L42: 644 | M42: Beige Gray - Medium | Q42: 807 | R42: Peacock Blue | V42: 937 | W42: Avocado Green - Medium | AA42: 3348 | AB42: Yellow Green - Light | AF42: 3814 | AG42: Aquamarine | AK42: 3894* | AL42: Parrot Green - Light | AP42: E990 | AQ42: Neon - Neon Green | AZ42: C554 | BA42: Étoile - Violet - Light | BE42: S776* | BF42: Satin - Pink | BJ42: 30820 | BK42: Discontinued Rayon - Very Dark Royal Blue | BO42: 124* | BP42: Discontinued Variegated - Periwinkle | BT42: SP738* | BU42: Discontinued Secret Perfume - Almond
B43: 34 | C43: Fuchsia - Dark | G43: 372 | H43: Mustard - Light | L43: 645 | M43: Beaver Gray - Very Dark | Q43: 809 | R43: Delft Blue | V43: 938 | W43: Coffee Brown - Ultra Dark | AA43: 3350 | AB43: Dusty Rose - Ultra Dark | AF43: 3815 | AG43: Celadon Green - Dark | AK43: 3895* | AL43: Beaver Gray - Dark | AP43: E985* | AQ43: Fluorescents - Lemon Zest | AZ43: C600 | BA43: Étoile - Cranberry - Very Dark | BE43: S797* | BF43: Satin - Royal Blue | BJ43: 30824 | BK43: Discontinued Rayon - Very Dark Blue | BO43: 125* | BP43: Discontinued Variegated - Seafoam Green | BT43: SP741* | BU43: Discontinued Secret Perfume - Orange
B44: 35 | C44: Fuchsia - Very Dark | G44: 400 | H44: Mahogany - Dark | L44: 646 | M44: Beaver Gray - Dark | Q44: 813 | R44: Blue - Light | V44: 939 | W44: Blue - Very Dark | AA44: 3354 | AB44: Dusty Rose - Light | AF44: 3816 | AG44: Celadon Green | AK44: 48 | AL44: Variegated - Baby Pink | AP44: E987* | AQ44: Fluorescents - Key Lime Splash | AZ44: C603 | BA44: Étoile - Cranberry | BE44: S798 | BF44: Satin - Delft Blue Dark | BJ44: 30839 | BK44: Discontinued Rayon - Dark Beige Brown | BO44: 126* | BP44: Discontinued Variegated - Lavender | BT44: SP745* | BU44: Discontinued Secret Perfume - Honeysuckle
B45: 150 | C45: Red - Bright | G45: 402 | H45: Mahogany - Very Light | L45: 647 | M45: Beaver Gray - Medium | Q45: 814 | R45: Garnet - Dark | V45: 943 | W45: Aquamarine - Medium | AA45: 3362 | AB45: Pine Green - Dark | AF45: 3817 | AG45: Celadon Green - Light | AK45: 51 | AL45: Variegated - Burnt Orange | AP45: E995* | AQ45: Fluorescents - Melon Blast | AZ45: C666 | BA45: Étoile - Red - Bright | BE45: S799 | BF45: Satin - Delft Blue | BJ45: 30841 | BK45: Discontinued Rayon - Light Beige Brown | BO45: 4000* | BP45: Hard-To-Find Variegated - Espresso | BT45: SP801* | BU45: Discontinued Secret Perfume - Chocolate
B46: 151 | C46: Pink | G46: 407 | H46: Desert Sand - Dark | L46: 648 | M46: Beaver Gray - Light | Q46: 815 | R46: Garnet - Medium | V46: 945 | W46: Tawny | AA46: 3363 | AB46: Pine Green - Medium | AF46: 3818 | AG46: Emerald Green - Ultra Very Dark | AK46: 52 | AL46: Variegated - Violet | AP46: E1010* | AQ46: Fluorescents - Tropical Pink | AZ46: C699 | BA46: Étoile - Green | BE46: S800 | BF46: Satin - Delft Blue Pale | BJ46: 30898 | BK46: Discontinued Rayon - Very Dark Coffee Brown | BO46: 4017* | BP46: Hard-To-Find Variegated - Polar Ice | BT46: SP977* | BU46: Discontinued Secret Perfume - Toffee/Caramel
B47: 152 | C47: Tawny - Dark | G47: 413 | H47: Pewter Gray - Dark | L47: 666 | M47: Red - Bright | Q47: 816 | R47: Garnet | V47: 946 | W47: Burnt Orange - Medium | AA47: 3364 | AB47: Pine Green | AF47: 3819 | AG47: Moss Green - Light | AK47: 53 | AL47: Variegated - Steel Grey | AP47: E1020* | AQ47: Fluorescents - Bright Orange | AZ47: C725 | BA47: Étoile - Topaz | BE47: S818 | BF47: Satin - Baby Pink | BJ47: 30899 | BK47: Discontinued Rayon - Medium Rose | BO47: 4022* | BP47: Hard-To-Find Variegated - Mediterranean Sea | BT47: SP3823* | BU47: Discontinued Secret Perfume - Vanilla
B48: 153 | C48: Lilac | G48: 414 | H48: Steel Gray - Dark | L48: 676 | M48: Old Gold - Light | Q48: 817 | R48: Coral Red - Very Dark | V48: 947 | W48: Burnt Orange | AA48: 3371 | AB48: Black Brown | AF48: 3820 | AG48: Straw - Dark | AK48: 67 | AL48: Variegated - Baby Blue | AP48: E1024* | AQ48: Fluorescents - Tangerine Zing | AZ48: C738 | BA48: Étoile - Tan - Very Light | BE48: S820 | BF48: Satin - Royal Blue Very Dark | BJ48: 30909 | BK48: Discontinued Rayon - Very Dark Emerald Green | BO48: 4042* | BP48: Hard-To-Find Variegated - Very Merry
B49: 154 | C49: Red - Very Dark | G49: 415 | H49: Pearl Gray | L49: 677 | M49: Old Gold - Very Light | Q49: 818 | R49: Baby Pink | V49: 948 | W49: Peach - Very Light | AA49: 3607 | AB49: Plum - Light | AF49: 3821 | AG49: Straw | AK49: 69 | AL49: Variegated - Terra Cotta | AP49: E1026* | AQ49: Fluorescents - Blueberry Blast | AZ49: C740 | BA49: Étoile - Tangerine | BE49: S841 | BF49: Satin - Beige Brown | BJ49: 30911 | BK49: Discontinued Rayon - Medium Emerald Green | BO49: 4047* | BP49: Hard-To-Find Variegated - Emerald Isle
B50: 155 | C50: Forget-me-not Blue | G50: 420 | H50: Hazelnut Brown - Dark | L50: 680 | M50: Old Gold - Dark | Q50: 819 | R50: Baby Pink - Light | V50: 950 | W50: Desert Sand - Light | AA50: 3608 | AB50: Plum - Very Light | AF50: 3822 | AG50: Straw - Light | AK50: 90 | AL50: Variegated - Yellow | AP50: E1040* | AQ50: Fluorescents - Bright Blue | AZ50: C798 | BA50: Étoile - Delft Blue - Dark | BE50: S898 | BF50: Satin - Coffee Brown | BJ50: 30913 | BK50: Discontinued Rayon - Medium Nile Green | BO50: 4066* | BP50: Hard-To-Find Variegated - Amazon Moss
B51: 156 | C51: Blue - Medium | G51: 422 | H51: Hazelnut Brown - Light | L51: 699 | M51: Green | Q51: 820 | R51: Royal Blue - Very Dark | V51: 951 | W51: Tawny - Light | AA51: 3609 | AB51: Plum - Ultra Light | AF51: 3823 | AG51: Yellow - Ultra Pale | AK51: 92 | AL51: Variegated - Avocado | AP51: E1050* | AQ51: Fluorescents - Luminous Lavender | AZ51: C814 | BA51: Étoile - Garnet - Dark | BE51: S899 | BF51: Satin - Rose | BJ51: 30915 | BK51: Discontinued Rayon - Dark Plum | BO51: 4068* | BP51: Hard-To-Find Variegated - Camouflage
B52: 157 | C52: Blue - Light | G52: 433 | H52: Brown - Medium | L52: 700 | M52: Green - Bright | Q52: 822 | R52: Beige Gray - Light | V52: 954 | W52: Nile Green | AA52: 3684* | AB52: Garnet - Extremely Dark | AF52: 3824 | AG52: Apricot - Light | AK52: 93 | AL52: Variegated - Blue Haze | AP52: E1055* | AQ52: Fluorescents - Raspberry Rush | AZ52: C816 | BA52: Étoile - Garnet | BE52: S909* | BF52: Satin - Emerald Green | BJ52: 30931 | BK52: Discontinued Rayon - Medium Antique Blue | BO52: 4069* | BP52: Hard-To-Find Variegated - Margarita
B53: 158 | C53: Blue - Dark | G53: 434 | H53: Brown - Light | L53: 701 | M53: Green - Light | Q53: 823 | R53: Blue - Dark | V53: 955 | W53: Nile Green - Light | AA53: 3685 | AB53: Mauve - Very Dark | AF53: 3825 | AG53: Pumpkin - Pale | AK53: 94 | AL53: Variegated - Khaki Green | AP53: E940 | AQ53: Glow-In-The-Dark | AZ53: C820 | BA53: Étoile - Royal Blue - Very Dark | BE53: S915* | BF53: Satin - Plum Dark | BJ53: 30932 | BK53: Discontinued Rayon - Light Antique Blue | BO53: 4072* | BP53: Hard-To-Find Variegated - Toasted Almond
B54: 159 | C54: Petrol Blue - Light | G54: 435 | H54: Brown - Very Light | L54: 702 | M54: Kelly Green | Q54: 824 | R54: Blue - Very Dark | V54: 956 | W54: Geranium | AA54: 3687 | AB54: Mauve | AF54: 3826 | AG54: Golden Brown | AK54: 99 | AL54: Variegated - Mauve | AP54: 5282 | AQ54: Metallic Pearl - Gold | AZ54: C823 | BA54: Étoile - Blue - Dark | BE54: S931 | BF54: Satin - Antique Blue | BJ54: 30943 | BK54: Discontinued Rayon - Medium Aquamarine | BO54: 4073* | BP54: Hard-To-Find Variegated - Buttercup
B55: 160 | C55: Petrol Blue - Medium | G55: 436 | H55: Tan | L55: 703 | M55: Chartreuse | Q55: 825 | R55: Blue - Dark | V55: 957 | W55: Geranium - Pale | AA55: 3688 | AB55: Mauve - Medium | AF55: 3827 | AG55: Golden Brown - Pale | AK55: 105 | AL55: Variegated - Tan/Brown | AP55: 5283 | AQ55: Metallic Pearl - Silver | AZ55: C840 | BA55: Étoile - Beige Brown - Medium | BE55: S932* | BF55: Satin - Antique Blue Light | BJ55: 30955 | BK55: Discontinued Rayon - Light Nile Green | BO55: 4095* | BP55: Hard-To-Find Variegated - Cupcake
B56: 161 | C56: Petrol Blue - Dark | G56: 437 | H56: Tan - Light | L56: 704 | M56: Chartreuse - Bright | Q56: 826 | R56: Blue - Medium | V56: 958 | W56: Seagreen - Dark | AA56: 3689 | AB56: Mauve - Light | AF56: 3828 | AG56: Hazelnut Brown | AK56: 106 | AL56: Variegated - Coral | AP56: 4010 | AQ56: Variations - Winter Sky | AZ56: C890 | BA56: Étoile - Pistachio Green - Ultra Dark | BE56: S943 | BF56: Satin - Aquamarine | BJ56: 30956 | BK56: Discontinued Rayon - Geranium | BO56: 4122* | BP56: Hard-To-Find Variegated - Fall Harvest
B57: 162 | C57: Baby Blue - Light | G57: 444 | H57: Lemon - Dark | L57: 712 | M57: Cream | Q57: 827 | R57: Blue - Very Light | V57: 959 | W57: Seagreen - Medium | AA57: 3705 | AB57: Melon - Dark | AF57: 3829 | AG57: Old Gold - Very Dark | AK57: 107 | AL57: Variegated - Carnation | AP57: 4015 | AQ57: Variations - Stormy Skies | AZ57: C900 | BA57: Étoile - Burnt Orange - Dark | BE57: S959 | BF57: Satin - Seagreen | BJ57: 30957 | BK57: Discontinued Rayon - Pale Geranium | BO57: 4129* | BP57: Hard-To-Find Variegated - Peanut Brittle
B58: 163 | C58: Green | G58: 445 | H58: Lemon - Light | L58: 718 | M58: Plum | Q58: 828 | R58: Blue - Ultra Very Light | V58: 961 | W58: Dusty Rose - Dark | AA58: 3706 | AB58: Melon - Medium | AF58: 3830 | AG58: Terra Cotta | AK58: 111 | AL58: Variegated - Mustard | AP58: 4020 | AQ58: Variations - Tropical Waters | AZ58: C907 | BA58: Étoile - Parrot Green - Light | BE58: S964* | BF58: Satin - Seagren Light | BJ58: 30959 | BK58: Discontinued Rayon - Medium Seagreen | BO58: 4135* | BP58: Hard-To-Find Variegated - Terra Cotta
B59: 164 | C59: Green - Light | G59: 451 | H59: Shell Gray - Dark | L59: 720 | M59: Orange Spice - Dark | Q59: 829 | R59: Golden Olive - Very Dark | V59: 962 | W59: Dusty Rose - Medium | AA59: 3708 | AB59: Melon - Light | AF59: 3831 | AG59: Raspberry - Dark | AK59: 115 | AL59: Variegated - Garnet | AP59: 4025 | AQ59: Variations - Caribbean Bay | AZ59: C915 | BA59: Étoile - Plum - Dark | BE59: S976 | BF59: Satin - Golden Brown | BJ59: 30964 | BK59: Discontinued Rayon - Light Seagreen | BO59: 4205* | BP59: Hard-To-Find Variegated - Caliente
B60: 165 | C60: Green - Bright | G60: 452 | H60: Shell Gray - Medium | L60: 721 | M60: Orange Spice - Medium | Q60: 830 | R60: Golden Olive - Dark | V60: 963 | W60: Dusty Rose - Ultra Very Light | AA60: 3712 | AB60: Salmon - Medium | AF60: 3832 | AG60: Raspberry - Medium | AK60: 121 | AL60: Variegated - Delft Blue | AP60: 4030 | AQ60: Variations - Monet's Garden | AZ60: C938 | BA60: Étoile - Coffee Brown - Ultra Dark | BE60: S991 | BF60: Satin - Aquamarine Dark | BJ60: 30973 | BK60: Discontinued Rayon - Bright Canary | BO60: 4211* | BP60: Hard-To-Find Variegated - Azalea
B61: 166 | C61: Lime Green | G61: 453 | H61: Shell Gray - Light | L61: 722 | M61: Orange Spice - Light | Q61: 831 | R61: Golden Olive - Medium | V61: 964 | W61: Seagreen - Light | AA61: 3713 | AB61: Salmon - Very Light | AF61: 3833 | AG61: Raspberry - Light | AK61: 125 | AL61: Variegated - Seafoam Green | AP61: 4040 | AQ61: Variations - Water Lillies | AZ61: C972 | BA61: Étoile - Canary - Deep | BE61: S995 | BF61: Satin - Electric Blue | BJ61: 30976 | BK61: Discontinued Rayon - Medium Golden Brown | BO61: 4212* | BP61: Hard-To-Find Variegated - Mixed Berries
B62: 167 | C62: Khaki Brown | G62: 469 | H62: Avocado Green | L62: 724 | M62: Winnie The Pooh Gold | Q62: 832 | R62: Golden Olive | V62: 966 | W62: Baby Green - Medium | AA62: 3716 | AB62: Dusty Rose - Very Light | AF62: 3834 | AG62: Grape - Dark | AK62: 127 | AL62: Variegated - Just Cross Stitch | AP62: 4045 | AQ62: Variations - Evergreen Forest | AZ62: C995 | BA62: Étoile - Electric Blue - Dark | BE62: S3371* | BF62: Satin - Black Brown | BJ62: 30991 | BK62: Discontinued Rayon - Dark Aquamarine | BO62: 4214* | BP62: Hard-To-Find Variegated - Cotton Candy
B63: 168 | C63: Silver Gray | G63: 470 | H63: Avocado Green - Light | L63: 725 | M63: Topaz | Q63: 833 | R63: Golden Olive - Light | V63: 967 | W63: Peach - Light | AA63: 3721 | AB63: Shell Pink - Dark | AF63: 3835 | AG63: Grape - Medium | AK63: E5200 | AL63: Metallic - White | AP63: 4050 | AQ63: Variations - Roaming Pastures | AZ63: C3371 | BA63: Étoile - Black Brown | BE63: S3607* | BF63: Satin - Plum | BJ63: 30993 | BK63: Discontinued Rayon - Light Aquamarine | BO63: 4237* | BP63: Hard-To-Find Variegated - Laguna Blue
B64: 169 | C64: Pewter Gray | G64: 471 | H64: Avocado Green - Very Light | L64: 726 | M64: Topaz - Light | Q64: 834 | R64: Golden Olive - Very Light | V64: 970 | W64: Pumpkin - Light | AA64: 3722 | AB64: Shell Pink - Medium | AF64: 3836 | AG64: Grape - Light | AK64: E130 | AL64: Metallic - Gemstones | AP64: 4060 | AQ64: Variations - Weeping Willow | AZ64: C3799 | BA64: Étoile - Pewter Gray - Very Dark | BE64: S3685 | BF64: Satin - Mauve | BJ64: 30995 | BK64: Discontinued Rayon - Dark Electric Blue | BO64: 4245* | BP64: Hard-To-Find Variegated - Mystical Midnight
B65: 208 | C65: Lavender - Very Dark | G65: 472 | H65: Avocado Green - Ultra Light | L65: 727 | M65: Topaz - Very Light | Q65: 838 | R65: Beige Brown - Very Dark | V65: 971* | W65: Pumpkin | AA65: 3726 | AB65: Antique Mauve - Dark | AF65: 3837 | AG65: Lavender - Ultra Dark | AK65: E131* | AL65: Metallic - Holiday Sparkle | AP65: 4065 | AQ65: Variations - Morning Meadow | BE65: S3820 | BF65: Satin - Straw | BJ65: 30996 | BK65: Discontinued Rayon - Medium Electric Blue | BO65: 4250* | BP65: Hard-To-Find Variegated - Berry Parfait
B66: 209 | C66: Lavender - Dark | G66: 498 | H66: Red - Dark | L66: 728 | M66: Golden Yellow | Q66: 839 | R66: Beige Brown - Dark | V66: 972 | W66: Canary - Deep | AA66: 3727 | AB66: Antique Mauve - Light | AF66: 3838 | AG66: Lavender Blue - Dark | AK66: E133* | AL66: Metallic - Midnight Madness | AP66: 4070 | AQ66: Variations - Autumn Leaves | AZ66: Updated December 2025 | BE66: * Hard to find threads | BJ66: 33325 | BK66: Discontinued Rayon - Light Baby Blue | BO66: 4255* | BP66: Hard-To-Find Variegated - Orchid
B67: 210 | C67: Lavender - Medium | G67: 500 | H67: Blue Green - Very Dark | L67: 729 | M67: Old Gold - Medium | Q67: 840 | R67: Beige Brown - Medium | V67: 973 | W67: Canary - Bright | AA67: 3731 | AB67: Dusty Rose - Very Dark | AF67: 3839 | AG67: Lavender Blue - Medium | AK67: E135 | AL67: Metallic - Golden Dawn | AP67: 4075 | AQ67: Variations - Wheat Fields | BJ67: 33350 | BK67: Discontinued Rayon - Ultra Dark Dusty Rose | BO67: 4260* | BP67: Hard-To-Find Variegated - Enchanted
B68: 211 | C68: Lavender - Light | G68: 501 | H68: Blue Green - Dark | L68: 730 | M68: Olive Green - Very Dark | Q68: 841 | R68: Beige Brown - Light | V68: 974 | W68: Winnie The Pooh Gold 2 | AA68: 3733 | AB68: Dusty Rose | AF68: 3840 | AG68: Lavender Blue - Light | AK68: E136* | AL68: Metallic - Emerald Isle | AP68: 4077 | AQ68: Variations - Morning Sunshine | BJ68: 33371 | BK68: Discontinued Rayon - Black Brown | BO68: 4265* | BP68: Hard-To-Find Variegated - Purple Pansy
B69: 221 | C69: Shell Pink - Very Dark | G69: 502 | H69: Blue Green | L69: 731* | M69: Olive Green - Dark | Q69: 842 | R69: Beige Brown - Very Light | V69: 975 | W69: Golden Brown - Dark | AA69: 3740 | AB69: Antique Violet - Dark | AF69: 3841 | AG69: Baby Blue - Pale | AK69: E138* | AL69: Metallic - Caribbean Ripples | AP69: 4080 | AQ69: Variations - Daffodil Fields | BJ69: 33607 | BK69: Discontinued Rayon - Light Plum
B70: 223 | C70: Shell Pink - Light | G70: 503 | H70: Blue Green - Medium | L70: 732 | M70: Olive Green | Q70: 844 | R70: Beaver Gray - Ultra Dark | V70: 976 | W70: Golden Brown - Medium | AA70: 3743 | AB70: Antique Violet - Very Light | AF70: 3842 | AG70: Wedgewood - Dark | AK70: E140* | AL70: Metallic - Carnival Fun | AP70: 4090 | AQ70: Variations - Golden Oasis | BJ70: 33608 | BK70: Discontinued Rayon - Very Light Plum
B71: 224 | C71: Shell Pink - Very Light | G71: 504* | H71: Blue Green - Very Light | L71: 733 | M71: Olive Green - Medium | Q71: 868* | R71: Hazel Nut Brown | V71: 977 | W71: Golden Brown - Light | AA71: 3746 | AB71: Blue Violet - Dark | AF71: 3843 | AG71: Electric Blue | AK71: E141* | AL71: Metallic - All that Jazz | AP71: 4100 | AQ71: Variations - Summer Breeze | BJ71: 33687 | BK71: Discontinued Rayon - Mauve
B72: 225 | C72: Shell Pink - Ultra Very Light | G72: 505 | H72: Grass Green - Dark | L72: 734 | M72: Olive Green - Light | Q72: 869 | R72: Hazelnut Brown - Very Dark | V72: 986 | W72: Forest Green - Very Dark | AA72: 3747 | AB72: Blue Violet - Very Light | AF72: 3844 | AG72: Bright Turquoise - Dark | AK72: E144* | AL72: Metallic - Majestic Metals | AP72: 4110 | AQ72: Variations - Sunrise | BJ72: 33689 | BK72: Discontinued Rayon - Light Mauve
B73: ^ Depending on your country you may find either/both. | G73: * Hard to find threads | L73: 738 | M73: Tan - Very Light | Q73: * Hard to find threads | T73: By Lord Libidan | V73: 987 | W73: Forest Green - Dark | AA73: 3750 | AB73: Antique Blue - Very Dark | AF73: * Hard to find threads | AK73: * Hard to find threads | AP73: * Hard to find threads | BJ73: 33733 | BK73: Discontinued Rayon - Dusty Rose
L74: * Hard to find threads | BJ74: 33814 | BK74: Discontinued Rayon - Aquamarine

Sheet Sheet1
A1: Ecru | B1: Ecru/off-white | C1: ='DMC Threads - By Number'!E6 -> 0 | D1: 19
A2: Blanc | B2: White | C2: ='DMC Threads - By Number'!E7 -> 0 | D2: 20
A3: White | B3: White | C3: ='DMC Threads - By Number'!E8 -> 0 | D3: 20
A4: B5200 | B4: Snow White | C4: ='DMC Threads - By Number'!E9 -> 0 | D4: 20
A5: 1 | B5: White Tin | C5: ='DMC Threads - By Number'!E10 -> 0 | D5: 20
A6: 2 | B6: Tin | C6: ='DMC Threads - By Number'!E11 -> 0 | D6: 20
A7: 3 | B7: Tin - Medium | C7: ='DMC Threads - By Number'!E12 -> 0 | D7: 20
A8: 4 | B8: Tin - Dark | C8: ='DMC Threads - By Number'!E13 -> 0 | D8: 20
A9: 5 | B9: Driftwood - Light | C9: ='DMC Threads - By Number'!E14 -> 0 | D9: 19
A10: 6 | B10: Driftwood - Medium Light | C10: ='DMC Threads - By Number'!E15 -> 0 | D10: 19
A11: 7 | B11: Driftwood | C11: ='DMC Threads - By Number'!E16 -> 0 | D11: 19
A12: 8 | B12: Driftwood - Dark | C12: ='DMC Threads - By Number'!E17 -> 0 | D12: 19
A13: 9 | B13: Cocoa - Very Dark | C13: ='DMC Threads - By Number'!E18 -> 0 | D13: 18
A14: 10 | B14: Tender Green - Very Light | C14: ='DMC Threads - By Number'!E19 -> 0 | D14: 12
A15: 11 | B15: Tender Green - Light | C15: ='DMC Threads - By Number'!E20 -> 0 | D15: 12
A16: 12 | B16: Tender Green | C16: ='DMC Threads - By Number'!E21 -> 0 | D16: 12
... A67: 225 | B67: Shell Pink - Ultra Very Light | C67: ='DMC Threads - By Number'!E72 -> 0 | D67: 16
A68: 300 | B68: Mahogany - Very Dark | C68: ='DMC Threads - By Number'!J6 -> 0 | D68: 16
A69: 301 | B69: Mahogany - Medium | C69: ='DMC Threads - By Number'!J7 -> 0 | D69: 16
A70: 304 | B70: Red - Medium | C70: ='DMC Threads - By Number'!J8 -> 0 | D70: 1
A71: 307 | B71: Lemon | C71: ='DMC Threads - By Number'!J9 -> 0 | D71: 15
A72: 309 | B72: Rose - Dark | C72: ='DMC Threads - By Number'!J10 -> 0 | D72: 2
A73: 310 | B73: Black | C73: ='DMC Threads - By Number'!J11 -> 0 | D73: 20
A74: 311 | B74: Blue - Medium | C74: ='DMC Threads - By Number'!J12 -> 0 | D74: 8
A75: 312 | B75: Baby Blue - Very Dark | C75: ='DMC Threads - By Number'!J13 -> 0 | D75: 7
A76: 315 | B76: Antique Mauve - Medium Dark | C76: ='DMC Threads - By Number'!J14 -> 0 | D76: 4
A77: 316 | B77: Antique Mauve - Medium | C77: ='DMC Threads - By Number'!J15 -> 0 | D77: 4
A78: 317 | B78: Pewter Gray | C78: ='DMC Threads - By Number'!J16 -> 0 | D78: 20
A79: 318 | B79: Steel Gray - Light | C79: ='DMC Threads - By Number'!J17 -> 0 | D79: 20
... A132: 503 | B132: Blue Green - Medium | C132: ='DMC Threads - By Number'!J70 -> 0 | D132: 9
A133: 504 | B133: Blue Green - Very Light | C133: ='DMC Threads - By Number'!J71 -> 0 | D133: N/A
A134: 505 | B134: Grass Green - Dark | C134: ='DMC Threads - By Number'!J72 -> 0 | D134: 9
A135: 517 | B135: Wedgewood - Dark | C135: ='DMC Threads - By Number'!O6 -> 0 | D135: 8
A136: 518 | B136: Wedgewood - Light | C136: ='DMC Threads - By Number'!O7 -> 0 | D136: 8
A137: 519 | B137: Sky Blue | C137: ='DMC Threads - By Number'!O8 -> 0 | D137: 8
A138: 520 | B138: Fern Green - Dark | C138: ='DMC Threads - By Number'!O9 -> 0 | D138: 12
A139: 522 | B139: Fern Green | C139: ='DMC Threads - By Number'!O10 -> 0 | D139: 12
A140: 523 | B140: Fern Green - Light | C140: ='DMC Threads - By Number'!O11 -> 0 | D140: 12
A141: 524 | B141: Fern Green - Very Light | C141: ='DMC Threads - By Number'!O12 -> 0 | D141: 12
A142: 535 | B142: Ash Gray - Very Light | C142: ='DMC Threads - By Number'!O13 -> 0 | D142: 20
A143: 543 | B143: Beige Brown - Ultra Very Light | C143: ='DMC Threads - By Number'!O14 -> 0 | D143: 18
A144: 550 | B144: Violet - Very Dark | C144: ='DMC Threads - By Number'!O15 -> 0 | D144: 4
A145: 552 | B145: Violet - Medium | C145: ='DMC Threads - By Number'!O16 -> 0 | D145: 4
A146: 553 | B146: Violet | C146: ='DMC Threads - By Number'!O17 -> 0 | D146: 4
... A190: 722 | B190: Orange Spice - Light | C190: ='DMC Threads - By Number'!O61 -> 0 | D190: 16
A191: 724 | B191: Winnie The Pooh Gold | C191: ='DMC Threads - By Number'!O62 -> 0 | D191: N/A
A192: 725 | B192: Topaz | C192: ='DMC Threads - By Number'!O63 -> 0 | D192: 15
A193: 726 | B193: Topaz - Light | C193: ='DMC Threads - By Number'!O64 -> 0 | D193: 15
A194: 727 | B194: Topaz - Very Light | C194: ='DMC Threads - By Number'!O65 -> 0 | D194: 15
A195: 728 | B195: Golden Yellow | C195: ='DMC Threads - By Number'!O66 -> 0 | D195: 14
A196: 729 | B196: Old Gold - Medium | C196: ='DMC Threads - By Number'!O67 -> 0 | D196: 14
A197: 730 | B197: Olive Green - Very Dark | C197: ='DMC Threads - By Number'!O68 -> 0 | D197: 12
A198: 731 | B198: Olive Green - Dark | C198: ='DMC Threads - By Number'!O69 -> 0 | D198: N/A
A199: 732 | B199: Olive Green | C199: ='DMC Threads - By Number'!O70 -> 0 | D199: 12
A200: 733 | B200: Olive Green - Medium | C200: ='DMC Threads - By Number'!O71 -> 0 | D200: 12
A201: 734 | B201: Olive Green - Light | C201: ='DMC Threads - By Number'!O72 -> 0 | D201: 12
A202: 738 | B202: Tan - Very Light | C202: ='DMC Threads - By Number'!O73 -> 0 | D202: 18
A203: 739 | B203: Tan - Ultra Very Light | C203: ='DMC Threads - By Number'!T6 -> 0 | D203: 18
A204: 740 | B204: Tangerine | C204: ='DMC Threads - By Number'!T7 -> 0 | D204: 15
A205: 741 | B205: Tangerine - Medium | C205: ='DMC Threads - By Number'!T8 -> 0 | D205: 15
A206: 742 | B206: Tangerine - Light | C206: ='DMC Threads - By Number'!T9 -> 0 | D206: 15
A207: 743 | B207: Yellow - Medium | C207: ='DMC Threads - By Number'!T10 -> 0 | D207: 15
A208: 744 | B208: Yellow - Pale | C208: ='DMC Threads - By Number'!T11 -> 0 | D208: 15
A209: 745 | B209: Yellow - Light Pale | C209: ='DMC Threads - By Number'!T12 -> 0 | D209: 15
A210: 746 | B210: Off White | C210: ='DMC Threads - By Number'!T13 -> 0 | D210: 13
A211: 747 | B211: Sky Blue - Very Light | C211: ='DMC Threads - By Number'!T14 -> 0 | D211: 8
A212: 754 | B212: Peach - Light | C212: ='DMC Threads - By Number'!T15 -> 0 | D212: 17
A213: 758 | B213: Terra Cotta - Very Light | C213: ='DMC Threads - By Number'!T16 -> 0 | D213: 17
A214: 760 | B214: Salmon | C214: ='DMC Threads - By Number'!T17 -> 0 | D214: 1
... A218: 775 | B218: Baby Blue - Very Light | C218: ='DMC Threads - By Number'!T21 -> 0 | D218: 7
A219: 776 | B219: Pink - Medium | C219: ='DMC Threads - By Number'!T22 -> 0 | D219: N/A
A220: 777 | B220: Red - Deep | C220: ='DMC Threads - By Number'!T23 -> 0 | D220: 1
A221: 778 | B221: Antique Mauve - Very Light | C221: ='DMC Threads - By Number'!T24 -> 0 | D221: 4
A222: 779 | B222: Brown | C222: ='DMC Threads - By Number'!T25 -> 0 | D222: 18
A223: 780 | B223: Topaz - Ultra Very Dark | C223: ='DMC Threads - By Number'!T26 -> 0 | D223: 14
A224: 781 | B224: Topaz - Very Dark | C224: ='DMC Threads - By Number'!T27 -> 0 | D224: N/A
A225: 782 | B225: Topaz - Dark | C225: ='DMC Threads - By Number'!T28 -> 0 | D225: 14
A226: 783 | B226: Topaz - Medium | C226: ='DMC Threads - By Number'!T29 -> 0 | D226: 14
A227: 791 | B227: Cornflower Blue - Very Dark | C227: ='DMC Threads - By Number'!T30 -> 0 | D227: 5
A228: 792 | B228: Cornflower Blue - Dark | C228: ='DMC Threads - By Number'!T31 -> 0 | D228: 5
A229: 793 | B229: Cornflower Blue - Medium | C229: ='DMC Threads - By Number'!T32 -> 0 | D229: 5
A230: 794 | B230: Cornflower Blue - Light | C230: ='DMC Threads - By Number'!T33 -> 0 | D230: 5
A231: 796 | B231: Royal Blue - Dark | C231: ='DMC Threads - By Number'!T34 -> 0 | D231: 6
A232: 797 | B232: Royal Blue | C232: ='DMC Threads - By Number'!T35 -> 0 | D232: 6
A233: 798 | B233: Delft Blue - Dark | C233: ='DMC Threads - By Number'!T36 -> 0 | D233: 6
A234: 799 | B234: Delft Blue - Medium | C234: ='DMC Threads - By Number'!T37 -> 0 | D234: 6
A235: 800 | B235: Delft Blue - Pale | C235: ='DMC Threads - By Number'!T38 -> 0 | D235: 6
A236: 801 | B236: Coffee Brown - Dark | C236: ='DMC Threads - By Number'!T39 -> 0 | D236: 18
A237: 803 | B237: Blue - Deep | C237: ='DMC Threads - By Number'!T40 -> 0 | D237: 7
A238: 806 | B238: Peacock Blue - Dark | C238: ='DMC Threads - By Number'!T41 -> 0 | D238: N/A
A239: 807 | B239: Peacock Blue | C239: ='DMC Threads - By Number'!T42 -> 0 | D239: 8
A240: 809 | B240: Delft Blue | C240: ='DMC Threads - By Number'!T43 -> 0 | D240: 6
A241: 813 | B241: Blue - Light | C241: ='DMC Threads - By Number'!T44 -> 0 | D241: 6
A242: 814 | B242: Garnet - Dark | C242: ='DMC Threads - By Number'!T45 -> 0 | D242: 1
A243: 815 | B243: Garnet - Medium | C243: ='DMC Threads - By Number'!T46 -> 0 | D243: 1
A244: 816 | B244: Garnet | C244: ='DMC Threads - By Number'!T47 -> 0 | D244: 1
A245: 817 | B245: Coral Red - Very Dark | C245: ='DMC Threads - By Number'!T48 -> 0 | D245: 1
A246: 818 | B246: Baby Pink | C246: ='DMC Threads - By Number'!T49 -> 0 | D246: 2
A247: 819 | B247: Baby Pink - Light | C247: ='DMC Threads - By Number'!T50 -> 0 | D247: 2
A248: 820 | B248: Royal Blue - Very Dark | C248: ='DMC Threads - By Number'!T51 -> 0 | D248: 6
...

Sheet DMC Threads - By Color (2)
B2: SEARCH | C2: Name | D2: Owned | E2: Column
B3: 310 | C3: =VLOOKUP(B3,Sheet2!A1:C575,2,FALSE) -> Black | D3: =VLOOKUP(B3,Sheet2!A1:C575,3,FALSE) -> 0 | E3: =VLOOKUP(B3,Sheet2!A1:D575,4,FALSE) -> 20
G4: By Lord Libidan
B5: Column 1 | G5: Column 2 | L5: Column 3 | Q5: Column 4 | V5: Column 5 | AA5: Column 6 | AF5: Column 7 | AK5: Column 8 | AP5: Column 9 | AU5: Column 10 | AZ5: Column 11 | BE5: Column 12 | BJ5: Column 13 | BO5: Column 14 | BT5: Column 15 | BY5: Column 16 | CD5: Column 17 | CI5: Column 18 | CN5: Column 19 | CS5: Column 20 | CX5: Column 21 | DC5: Column 22 | DH5: Column 23 | DM5: Column 24 | DR5: Column 25 | DW5: Column 26
B6: Number | C6: Name | D6: Color | E6: Owned | G6: Number | H6: Name | I6: Color | J6: Owned | L6: Number | M6: Name | N6: Color | O6: Owned | Q6: Number | R6: Name | S6: Color | T6: Owned | V6: Number | W6: Name | X6: Color | Y6: Owned | AA6: Number | AB6: Name | AC6: Color | AD6: Owned | AF6: Number | AG6: Name | AH6: Color | AI6: Owned | AK6: Number | AL6: Name | AM6: Color | AN6: Owned | AP6: Number | AQ6: Name | AR6: Color | AS6: Owned | AU6: Number | AV6: Name | AW6: Color | AX6: Owned | AZ6: Number | BA6: Name | BB6: Color | BC6: Owned | BE6: Number | BF6: Name | BG6: Color | BH6: Owned | BJ6: Number | BK6: Name | BL6: Color | BM6: Owned | BO6: Number | BP6: Name | BQ6: Color | BR6: Owned | BT6: Number | BU6: Name | BV6: Color | BW6: Owned | BY6: Number | BZ6: Name | CA6: Color | CB6: Owned | CD6: Number | CE6: Name | CF6: Color | CG6: Owned | CI6: Number | CJ6: Name | CK6: Color | CL6: Owned | CN6: Number | CO6: Name | CP6: Color | CQ6: Owned | CS6: Number | CT6: Name | CU6: Color | CV6: Owned | CX6: Number | CY6: Name | CZ6: Color | DA6: Owned | DC6: Number | DD6: Name | DE6: Color | DF6: Owned | DH6: Number | DI6: Name | DJ6: Color | DK6: Owned | DM6: Number | DN6: Name | DO6: Color | DP6: Owned | DR6: Number | DS6: Name | DT6: Color | DU6: Owned | DW6: Number | DX6: Name | DY6: Color | DZ6: Owned
B7: 3713 | C7: Salmon - Very Light | G7: 894 | H7: Carnation - Very Light | L7: 23 | M7: Apple Blossom | Q7: 778 | R7: Antique Mauve - Very Light | V7: 3743 | W7: Antique Violet - Very Light | AA7: 3840 | AB7: Lavender Blue - Light | AF7: 159 | AG7: Petrol Blue - Light | AK7: 828 | AL7: Blue - Ultra Very Light | AP7: 964 | AQ7: Seagreen - Light | AU7: 955 | AV7: Nile Green - Light | AZ7: 14 | BA7: Apple Green - Pale | BE7: 10 | BF7: Tender Green - Very Light | BJ7: 17 | BK7: Yellow Plum - Light | BO7: 676 | BP7: Old Gold - Light | BT7: 445 | BU7: Lemon - Light | BY7: 951 | BZ7: Tawny - Light | CD7: 948 | CE7: Peach - Very Light | CI7: 453 | CJ7: Shell Gray - Light | CN7: 3865 | CO7: Winter White | CS7: 3072 | CT7: Beaver Gray - Very Light | CX7: 48 | CY7: Variegated - Baby Pink | DC7: E316 | DD7: Metallic - Pink Amethyst | DH7: E5200 | DI7: Metallic - White | DM7: 4010 | DN7: Variations - Winter Sky | DR7: 4130 | DS7: Variations - Chilean Sunset | DW7: 5282 | DX7: Metallic Pearl - Gold
B8: 761 | C8: Salmon - Light | G8: 893 | H8: Carnation - Light | L8: 3689 | M8: Mauve - Light | Q8: 3727 | R8: Antique Mauve - Light | V8: 3042 | W8: Antique Violet - Light | AA8: 3839 | AB8: Lavender Blue - Medium | AF8: 160 | AG8: Petrol Blue - Medium | AK8: 3761 | AL8: Sky Blue - Light | AP8: 959 | AQ8: Seagreen - Medium | AU8: 13 | AV8: Nile Green - Medium Light | AZ8: 15 | BA8: Apple Green | BE8: 11 | BF8: Tender Green - Light | BJ8: 18 | BK8: Yellow Plum | BO8: 729 | BP8: Old Gold - Medium | BT8: 307 | BU8: Lemon | BY8: 3856 | BZ8: Mahogany - Ultra Very Light | CD8: 754 | CE8: Peach - Light | CI8: 452 | CJ8: Shell Gray - Medium | CN8: Ecru | CO8: Ecru/off-white | CS8: 647 | CT8: Beaver Gray - Medium | CX8: 107 | CY8: Variegated - Carnation | DC8: E718 | DD8: Metallic - Pink Garnet | DH8: E746 | DI8: Metallic - Cream | DM8: 4015 | DN8: Variations - Stormy Skies | DR8: 4140 | DS8: Variations - Driftwood | DW8: 5283 | DX8: Metallic Pearl - Silver
B9: 760 | C9: Salmon | G9: 892 | H9: Carnation - Medium | L9: 3688 | M9: Mauve - Medium | Q9: 316 | R9: Antique Mauve - Medium | V9: 3041 | W9: Antique Violet - Medium | AA9: 3838 | AB9: Lavender Blue - Dark | AF9: 161 | AG9: Petrol Blue - Dark | AK9: 519 | AL9: Sky Blue | AP9: 958 | AQ9: Seagreen - Dark | AU9: 954 | AV9: Nile Green | AZ9: 16 | BA9: Chartreuse - Light | BE9: 12 | BF9: Tender Green | BJ9: 834 | BK9: Golden Olive - Very Light | BO9: 680 | BP9: Old Gold - Dark | BT9: 973 | BU9: Canary - Bright | BY9: 722 | BZ9: Orange Spice - Light | CD9: 3771 | CE9: Peach - Dark | CI9: 451 | CJ9: Shell Gray - Dark | CN9: 822 | CO9: Beige Gray - Light | CS9: 3023 | CT9: Brown Gray - Light | CX9: 115 | CY9: Variegated - Garnet | DC9: E3837 | DD9: Metallic - Purple Ruby | DH9: E967 | DI9: Metallic - Soft Peach | DM9: 4020 | DN9: Variations - Tropical Waters | DR9: 4145 | DS9: Variations - Sandune
B10: 3712 | C10: Salmon - Medium | G10: 891 | H10: Carnation - Dark | L10: 3687 | M10: Mauve | Q10: 3726 | R10: Antique Mauve - Dark | V10: 3740 | W10: Antique Violet - Dark | AA10: 800 | AB10: Delft Blue - Pale | AF10: 3756 | AG10: Baby Blue - Light | AK10: 518 | AL10: Wedgewood - Light | AP10: 3812 | AQ10: Seagreen - Very Dark | AU10: 913 | AV10: Nile Green - Medium | AZ10: 704 | BA10: Chartreuse - Bright | BE10: 165 | BF10: Green - Bright | BJ10: 833 | BK10: Golden Olive - Light | BO10: 3829 | BP10: Old Gold - Very Dark | BT10: 444 | BU10: Lemon - Dark | BY10: 721 | BZ10: Orange Spice - Medium | CD10: 758 | CE10: Terra Cotta - Very Light | CI10: 3861 | CJ10: Cocoa - Light | CN10: 644 | CO10: Beige Gray - Medium | CS10: 3022 | CT10: Brown Gray - Medium | CX10: 99 | CY10: Variegated - Mauve | DC10: E155 | DD10: Metallic - Amethyst | DH10: E818 | DI10: Metallic - Soft Pink | DM10: 4025 | DN10: Variations - Caribbean Bay | DR10: 4150 | DS10: Variations - Desert Sand
B11: 3328 | C11: Salmon - Dark | G11: 818 | H11: Baby Pink | L11: 3803 | M11: Mauve - Dark | Q11: 315 | R11: Antique Mauve - Medium Dark | V11: 27 | W11: White Violet | AA11: 809 | AB11: Delft Blue | AF11: 775 | AG11: Baby Blue - Very Light | AK11: 3760 | AL11: Wedgewood - Medium | AP11: 3851 | AQ11: Bright Green - Light | AU11: 912 | AV11: Emerald Green - Light | AZ11: 703 | BA11: Chartreuse | BE11: 3819 | BF11: Moss Green - Light | BJ11: 832 | BK11: Golden Olive | BO11: 3822 | BP11: Straw - Light | BT11: 3078 | BU11: Golden Yellow - Very Light | BY11: 720 | BZ11: Orange Spice - Dark | CD11: 3778 | CE11: Terra Cotta - Light | CI11: 3860 | CJ11: Cocoa | CN11: 642 | CO11: Beige Gray - Dark | CS11: 3024 | CT11: Brown Gray - Very Light | CX11: 52 | CY11: Variegated - Violet | DC11: E825 | DD11: Metallic - Blue Sapphire | DH11: E211 | DI11: Metallic - Lilac | DM11: 4030 | DN11: Variations - Monet's Garden | DR11: 4160 | DS11: Variations - Glistening Pearl
B12: 347 | C12: Salmon - Very Dark | G12: 957 | H12: Geranium - Pale | L12: 3685 | M12: Mauve - Very Dark | Q12: 3802 | R12: Antique Mauve - Very Dark | V12: 28 | W12: Eggplant - Medium Light | AA12: 799 | AB12: Delft Blue - Medium | AF12: 3841 | AG12: Baby Blue - Pale | AK12: 517 | AL12: Wedgewood - Dark | AP12: 943 | AQ12: Aquamarine - Medium | AU12: 911 | AV12: Emerald Green - Medium | AZ12: 702 | BA12: Kelly Green | BE12: 166 | BF12: Lime Green | BJ12: 831 | BK12: Golden Olive - Medium | BO12: 3821 | BP12: Straw | BT12: 727 | BU12: Topaz - Very Light | BY12: 3825 | BZ12: Pumpkin - Pale | CD12: 356 | CE12: Terra Cotta - Medium | CI12: 779 | CJ12: Brown | CN12: 640 | CO12: Beige Gray - Very Dark | CS12: 648 | CT12: Beaver Gray - Light | CX12: 93 | CY12: Variegated - Blue Haze | DC12: E3843 | DD12: Metallic - Light Blue Sapphire | DH12: E3747 | DI12: Metallic - Sky Blue | DM12: 4040 | DN12: Variations - Water Lillies | DR12: 4170 | DS12: Variations - Whispering Wind
B13: 353 | C13: Peach | G13: 956 | H13: Geranium | L13: 605 | M13: Cranberry - Very Light | Q13: 902 | R13: Garnet - Very Dark | V13: 29 | W13: Eggplant | AA13: 798 | AB13: Delft Blue - Dark | AF13: 3325 | AG13: Baby Blue - Light | AK13: 3842 | AL13: Wedgewood - Dark | AP13: 3850 | AQ13: Bright Green - Dark | AU13: 910 | AV13: Emerald Green - Dark | AZ13: 701 | BA13: Green - Light | BE13: 581 | BF13: Moss Green | BJ13: 830 | BK13: Golden Olive - Dark | BO13: 3820 | BP13: Straw - Dark | BT13: 726 | BU13: Topaz - Light | BY13: 922 | BZ13: Copper - Light | CD13: 3830 | CE13: Terra Cotta | CI13: 9 | CJ13: Cocoa - Very Dark | CN13: 3787 | CO13: Brown Gray - Dark | CS13: 646 | CT13: Beaver Gray - Dark | CX13: 121 | CY13: Variegated - Delft Blue | DC13: E334 | DD13: Metallic - Blue Topaz | DH13: E747 | DI13: Metallic - Baby Blue | DM13: 4045 | DN13: Variations - Evergreen Forest | DR13: 4180 | DS13: Variations - Rose Petals
B14: 352 | C14: Coral - Light | G14: 3708 | H14: Melon - Light | L14: 604 | M14: Cranberry - Light | Q14: 3836 | R14: Grape - Light | V14: 3747 | W14: Blue Violet - Very Light | AA14: 797 | AB14: Royal Blue | AF14: 3755 | AG14: Baby Blue | AK14: 311 | AL14: Blue - Medium | AP14: 993 | AQ14: Aquamarine - Very Light | AU14: 909 | AV14: Emerald Green - Very Dark | AZ14: 700 | BA14: Green - Bright | BE14: 580 | BF14: Moss Green - Dark | BJ14: 829 | BK14: Golden Olive - Very Dark | BO14: 3852 | BP14: Straw - Very Dark | BT14: 725 | BU14: Topaz | BY14: 921 | BZ14: Copper | CD14: 355 | CE14: Terra Cotta - Dark | CI14: 712 | CJ14: Cream | CN14: 3021 | CO14: Brown Gray - Very Dark | CS14: 645 | CT14: Beaver Gray - Very Dark | CX14: 67 | CY14: Variegated - Baby Blue | DC14: E3849 | DD14: Metallic - Aquamarine Blue | DH14: E966 | DI14: Metallic - Lime | DM14: 4050 | DN14: Variations - Roaming Pastures | DR14: 4190 | DS14: Variations - Ocean Coral
B15: 351 | C15: Coral | G15: 3706 | H15: Melon - Medium | L15: 603 | M15: Cranberry - Light Medium | Q15: 3835 | R15: Grape - Medium | V15: 341 | W15: Blue Violet - Light | AA15: 796 | AB15: Royal Blue - Dark | AF15: 334 | AG15: Baby Blue - Medium | AK15: 747 | AL15: Sky Blue - Very Light | AP15: 992 | AQ15: Aquamarine - Light | AU15: 3818 | AV15: Emerald Green - Ultra Very Dark | AZ15: 699 | BA15: Green | BE15: 523 | BF15: Fern Green - Light | BJ15: 746 | BK15: Off White | BO15: 728 | BP15: Golden Yellow | BT15: 972 | BU15: Canary - Deep | BY15: 920 | BZ15: Copper - Medium | CD15: 3777 | CE15: Terra Cotta - Very Dark | CI15: 739 | CJ15: Tan - Ultra Very Light | CN15: 844 | CO15: Beaver Gray - Ultra Dark | CS15: B5200 | CT15: Snow White | CX15: 125 | CY15: Variegated - Seafoam Green | DC15: E703 | DD15: Metallic - Light Green Emerald | DH15: E168 | DI15: Metallic - Silver | DM15: 4060 | DN15: Variations - Weeping Willow | DR15: 4200 | DS15: Variations - Wild Fire
B16: 350 | C16: Coral - Medium | G16: 3705 | H16: Melon - Dark | L16: 602 | M16: Cranberry - Medium | Q16: 3834 | R16: Grape - Dark | V16: 156 | W16: Blue - Medium | AA16: 820 | AB16: Royal Blue - Very Dark | AF16: 322 | AG16: Baby Blue | AK16: 3766 | AL16: Peacock Blue - Light | AP16: 3814 | AQ16: Aquamarine | AU16: 369 | AV16: Pistachio Green - Very Light | AZ16: 907 | BA16: Parrot Green - Light | BE16: 3053 | BF16: Green Gray | BJ16: 677 | BK16: Old Gold - Very Light | BO16: 783 | BP16: Topaz - Medium | BT16: 745 | BU16: Yellow - Light Pale | BY16: 919 | BZ16: Red Copper | CD16: 3779 | CE16: Terra Cotta - Ultra Very Light | CI16: 738 | CJ16: Tan - Very Light | CN16: 3033 | CO16: Mocha Brown - Very Light | CS16: Blanc^ | CT16: White | CX16: 92 | CY16: Variegated - Avocado | DC16: E699 | DD16: Metallic - Green Emerald | DH16: E415 | DI16: Metallic - Pewter | DM16: 4065 | DN16: Variations - Morning Meadow | DR16: 4210 | DS16: Variations - Radiant Ruby
B17: 349 | C17: Coral - Dark | G17: 963 | H17: Dusty Rose - Ultra Very Light | L17: 601 | M17: Cranberry - Dark | Q17: 154 | R17: Red - Very Dark | V17: 340 | W17: Blue Violet - Medium | AA17: 162 | AB17: Baby Blue - Light | AF17: 312 | AG17: Baby Blue - Very Dark | AK17: 807 | AL17: Peacock Blue | AP17: 991 | AQ17: Aquamarine - Dark | AU17: 368 | AV17: Pistachio Green - Light | AZ17: 906 | BA17: Parrot Green - Medium | BE17: 3052 | BF17: Green Gray - Medium | BJ17: 422 | BK17: Hazelnut Brown - Light | BO17: 782 | BP17: Topaz - Dark | BT17: 744 | BU17: Yellow - Pale | BY17: 918 | BZ17: Red Copper - Dark | CD17: 3859 | CE17: Rosewood - Light | CI17: 437 | CJ17: Tan - Light | CN17: 3782 | CO17: Mocha Brown - Light | CS17: White^ | CT17: White | CX17: 94 | CY17: Variegated - Khaki Green | DC17: E135 | DD17: Metallic - Golden Dawn | DH17: E317 | DI17: Metallic - Titanium | DM17: 4070 | DN17: Variations - Autumn Leaves | DR17: 4215 | DS17: Variations - Northern Lights
B18: 817 | C18: Coral Red - Very Dark | G18: 3716 | H18: Dusty Rose - Very Light | L18: 600 | M18: Cranberry - Very Dark | Q18: 24 | R18: White Lavender | V18: 155 | W18: Forget-me-not Blue | AA18: 827 | AB18: Blue - Very Light | AF18: 803 | AG18: Blue - Deep | AK18: 3765 | AL18: Peacock Blue - Very Dark | AP18: 966 | AQ18: Baby Green - Medium | AU18: 320 | AV18: Pistachio Green - Medium | AZ18: 905 | BA18: Parrot Green - Dark | BE18: 3051 | BF18: Green Gray - Dark | BJ18: 3828 | BK18: Hazelnut Brown | BO18: 780 | BP18: Topaz - Ultra Very Dark | BT18: 743 | BU18: Yellow - Medium | BY18: 3770 | BZ18: Tawny - Very Light | CD18: 3858 | CE18: Rosewood - Medium | CI18: 436 | CJ18: Tan | CN18: 3032 | CO18: Mocha Brown - Medium | CS18: 762 | CT18: Pearl Gray - Very Light | CX18: 90 | CY18: Variegated - Yellow | DC18: E130 | DD18: Metallic - Gemstones | DH18: E677 | DI18: Metallic - White Gold | DM18: 4075 | DN18: Variations - Wheat Fields | DR18: 4220 | DS18: Variations - Lavender Fields
B19: 304 | C19: Red - Medium | G19: 962 | H19: Dusty Rose - Medium | L19: 3806 | M19: Cyclamen Pink - Light | Q19: 25 | R19: Lavender - Ultra Light | V19: 3746 | W19: Blue Violet - Dark | AA19: 813 | AB19: Blue - Light | AF19: 336 | AG19: Blue | AK19: 3811 | AL19: Turquoise - Very Light | AP19: 564 | AQ19: Jade - Very Light | AU19: 367 | AV19: Pistachio Green - Dark | AZ19: 904 | BA19: Parrot Green - Very Dark | BE19: 524 | BF19: Fern Green - Very Light | BJ19: 420 | BK19: Hazelnut Brown - Dark | BO19: 3823 | BP19: Yellow - Ultra Pale | BT19: 742 | BU19: Tangerine - Light | BY19: 945 | BZ19: Tawny | CD19: 3857 | CE19: Rosewood - Dark | CI19: 435 | CJ19: Brown - Very Light | CN19: 3790 | CO19: Beige Gray - Ultra Dark | CS19: 415 | CT19: Pearl Gray | CX19: 51 | CY19: Variegated - Burnt Orange | DC19: E3685 | DD19: Metallic - Rosewood | DH19: E3821 | DI19: Metallic - Light Gold | DM19: 4077 | DN19: Variations - Morning Sunshine | DR19: 4230 | DS19: Variations - Crystal Water
B20: 3833 | C20: Raspberry - Light | G20: 961 | H20: Dusty Rose - Dark | L20: 3805 | M20: Cyclamen Pink | Q20: 26 | R20: Lavender - Pale | V20: 333 | W20: Blue Violet - Very Dark | AA20: 826 | AB20: Blue - Medium | AF20: 823 | AG20: Blue - Dark | AK20: 598 | AL20: Turquoise - Light | AP20: 563 | AQ20: Jade - Light | AU20: 319 | AV20: Pistachio Green - Very Dark | AZ20: 472 | BA20: Avocado Green - Ultra Light | BE20: 522 | BF20: Fern Green | BJ20: 869 | BK20: Hazelnut Brown - Very Dark | BO20: 3855 | BP20: Autumn Gold - Light | BT20: 741 | BU20: Tangerine - Medium | BY20: 402 | BZ20: Mahogany - Very Light | CD20: 20 | CE20: Shrimp | CI20: 434 | CJ20: Brown - Light | CN20: 3781 | CO20: Mocha Brown - Dark | CS20: 318 | CT20: Steel Gray - Light | CX20: 106 | CY20: Variegated - Coral | DC20: E815 | DD20: Metallic - Dark Red Ruby | DH20: E3852 | DI20: Metallic - Dark Gold | DM20: 4080 | DN20: Variations - Daffodil Fields | DR20: 4235 | DS20: Variations - Arctic Sea
B21: 3832 | C21: Raspberry - Medium | G21: 309 | H21: Rose - Dark | L21: 3804 | M21: Cyclamen Pink - Dark | Q21: 211 | R21: Lavender - Light | V21: 30 | W21: Blueberry - Medium Light | AA21: 825 | AB21: Blue - Dark | AF21: 939 | AG21: Blue - Very Dark | AK21: 597 | AL21: Turquoise | AP21: 562 | AQ21: Jade - Medium | AU21: 890 | AV21: Pistachio Green - Ultra Dark | AZ21: 471 | BA21: Avocado Green - Very Light | BE21: 520 | BF21: Fern Green - Dark | BJ21: 613 | BK21: Drab Brown - Very Light | BO21: 19 | BP21: Autumn Gold - Medium Light | BT21: 740 | BU21: Tangerine | BY21: 3776 | BZ21: Mahogany - Light | CD21: 21 | CE21: Alizarian - Light | CI21: 433 | CJ21: Brown - Medium | CN21: 5 | CO21: Driftwood - Light | CS21: 414 | CT21: Steel Gray - Dark | CX21: 111 | CY21: Variegated - Mustard | DC21: E321 | DD21: Metallic - Red Ruby | DM21: 4090 | DN21: Variations - Golden Oasis | DR21: 4240 | DS21: Variations - Mid Summer Night
B22: 3831 | C22: Raspberry - Dark | G22: 819 | H22: Baby Pink - Light | L22: 3609 | M22: Plum - Ultra Light | Q22: 210 | R22: Lavender - Medium | V22: 31 | W22: Blueberry | AA22: 824 | AB22: Blue - Very Dark | AF22: 3753 | AG22: Antique Blue - Ultra Very Light | AK22: 3810 | AL22: Turquoise - Dark | AP22: 505 | AQ22: Grass Green - Dark | AU22: 164 | AV22: Green - Light | AZ22: 470 | BA22: Avocado Green - Light | BE22: 734 | BF22: Olive Green - Light | BJ22: 612 | BK22: Drab Brown - Light | BO22: 3854 | BP22: Autumn Gold - Medium | BT22: 970 | BU22: Pumpkin - Light | BY22: 301 | BZ22: Mahogany - Medium | CD22: 22 | CE22: Alizarian | CI22: 801 | CJ22: Coffee Brown - Dark | CN22: 6 | CO22: Driftwood - Medium Light | CS22: 1 | CT22: White Tin | CX22: 105 | CY22: Variegated - Tan/Brown | DC22: E301 | DD22: Metallic - Copper | DM22: 4100 | DN22: Variations - Summer Breeze
B23: 777 | C23: Red - Deep | G23: 3326 | H23: Rose - Light | L23: 3608 | M23: Plum - Very Light | Q23: 209 | R23: Lavender - Dark | V23: 32 | W23: Blueberry - Dark | AA23: 996 | AB23: Electric Blue - Medium | AF23: 3752 | AG23: Antique Blue - Very Light | AK23: 3809 | AL23: Turquoise - Very Dark | AP23: 3817 | AQ23: Celadon Green - Light | AU23: 989 | AV23: Forest Green | AZ23: 469 | BA23: Avocado Green | BE23: 733 | BF23: Olive Green - Medium | BJ23: 611 | BK23: Drab Brown | BO23: 3853 | BP23: Autumn Gold - Dark | BT23: 947 | BU23: Burnt Orange | BY23: 400 | BZ23: Mahogany - Dark | CD23: 3774 | CE23: Desert Sand - Very Light | CI23: 898 | CJ23: Coffee Brown - Very Dark | CN23: 7 | CO23: Driftwood | CS23: 2 | CT23: Tin | CX23: 69 | CY23: Variegated - Terra Cotta | DC23: E436 | DD23: Metallic - Golden Oak | DM23: 4110 | DN23: Variations - Sunrise
B24: 3801 | C24: Melon - Very Dark | G24: 899 | H24: Rose - Medium | L24: 3607 | M24: Plum - Light | Q24: 208 | R24: Lavender - Very Dark | V24: 157 | W24: Blue - Light | AA24: 3843 | AB24: Electric Blue | AF24: 932 | AG24: Antique Blue - Light | AK24: 3808 | AL24: Turquoise - Ultra Very Dark | AP24: 3816 | AQ24: Celadon Green | AU24: 988 | AV24: Forest Green - Medium | AZ24: 937 | BA24: Avocado Green - Medium | BE24: 732 | BF24: Olive Green | BJ24: 610 | BK24: Drab Brown - Dark | BO24: 3827 | BP24: Golden Brown - Pale | BT24: 946 | BU24: Burnt Orange - Medium | BY24: 300 | BZ24: Mahogany - Very Dark | CD24: 950 | CE24: Desert Sand - Light | CI24: 938 | CJ24: Coffee Brown - Ultra Dark | CN24: 8 | CO24: Driftwood - Dark | CS24: 3 | CT24: Tin - Medium | CX24: 53 | CY24: Variegated - Steel Grey | DC24: E898 | DD24: Metallic - Dark Oak | DM24: 4120 | DN24: Variations - Tropical Sunset
B25: 666 | C25: Red - Bright | G25: 335 | H25: Rose | L25: 718 | M25: Plum | Q25: 3837 | R25: Lavender - Ultra Dark | V25: 794 | W25: Cornflower Blue - Light | AA25: 995 | AB25: Electric Blue - Dark | AF25: 931 | AG25: Antique Blue - Medium | AK25: 928 | AL25: Gray Green - Very Light | AP25: 163 | AQ25: Green | AU25: 987 | AV25: Forest Green - Dark | AZ25: 936 | BA25: Avocado Green - Very Dark | BE25: 730 | BF25: Olive Green - Very Dark | BJ25: 3047 | BK25: Yellow Beige - Light | BO25: 977 | BP25: Golden Brown - Light | BT25: 900 | BU25: Burnt Orange - Dark | BY25: 225 | BZ25: Shell Pink - Ultra Very Light | CD25: 3064 | CE25: Desert Sand | CI25: 3371 | CJ25: Black Brown | CN25: 3866 | CO25: Mocha Brown - Ultra Very Light | CS25: 4 | CT25: Tin - Dark | DC25: E310 | DD25: Metallic - Ebony | DM25: 4124 | DN25: Variations - Bonfire
B26: 321 | C26: Red | G26: 326 | H26: Rose - Very Dark | L26: 917 | M26: Plum - Medium | Q26: 327 | R26: Violet | V26: 793 | W26: Cornflower Blue - Medium | AA26: 3846 | AB26: Bright Turquoise - Light | AF26: 930 | AG26: Antique Blue - Dark | AK26: 927 | AL26: Gray Green - Light | AP26: 3815 | AQ26: Celadon Green - Dark | AU26: 986 | AV26: Forest Green - Very Dark | AZ26: 935 | BA26: Avocado Green - Dark | BE26: 3013 | BF26: Khaki Green - Light | BJ26: 3046 | BK26: Yellow Beige - Medium | BO26: 976 | BP26: Golden Brown - Medium | BT26: 967 | BU26: Peach - Light | BY26: 224 | BZ26: Shell Pink - Very Light | CD26: 407 | CE26: Desert Sand - Dark | CI26: 543 | CJ26: Beige Brown - Ultra Very Light | CN26: 842 | CO26: Beige Brown - Very Light | CS26: 535 | CT26: Ash Gray - Very Light | DC26: E980 | DD26: Neon - Neon Yellow | DM26: 4126 | DN26: Variations - Desert Canyon
B27: 498 | C27: Red - Dark | G27: 151 | H27: Pink | L27: 915 | M27: Plum - Dark | Q27: 153 | R27: Lilac | V27: 3807 | W27: Cornflower Blue | AA27: 3845 | AB27: Bright Turquoise - Medium | AF27: 3750 | AG27: Antique Blue - Very Dark | AK27: 926 | AL27: Gray Green - Medium | AP27: 561 | AQ27: Jade - Very Dark | AU27: 772 | AV27: Yellow Green - Very Light | AZ27: 934 | BA27: Avocado Green - BLACK | BE27: 3012 | BF27: Khaki Green - Medium | BJ27: 3045 | BK27: Yellow Beige - Dark | BO27: 3826 | BP27: Golden Brown | BT27: 3824 | BU27: Apricot - Light | BY27: 152 | BZ27: Tawny - Dark | CD27: 3772 | CE27: Desert Sand - Very Dark | CI27: 3864 | CJ27: Mocha Beige - Light | CN27: 841 | CO27: Beige Brown - Light | CS27: 168 | CT27: Silver Gray | DC27: E990 | DD27: Neon - Neon Green | DM27: 4128 | DN27: Variations - Gold Coast
B28: 816 | C28: Garnet | G28: 3354 | H28: Dusty Rose - Light | L28: 33 | M28: Fuchsia | Q28: 554 | R28: Violet - Light | V28: 792 | W28: Cornflower Blue - Dark | AA28: 3844 | AB28: Bright Turquoise - Dark | AH28: By Lord Libidan | AK28: 3768 | AL28: Gray Green - Dark | AP28: 3813 | AQ28: Blue Green - Light | AU28: 3348 | AV28: Yellow Green - Light | AZ28: 3364 | BA28: Pine Green | BE28: 3011 | BF28: Khaki Green - Dark | BJ28: 167 | BK28: Khaki Brown | BO28: 975 | BP28: Golden Brown - Dark | BT28: 3341 | BU28: Apricot | BY28: 223 | BZ28: Shell Pink - Light | CD28: 632 | CE28: Desert Sand - Ultra Very Dark | CI28: 3863 | CJ28: Mocha Beige - Medium | CN28: 840 | CO28: Beige Brown - Medium | CS28: 169 | CT28: Pewter Gray | DC28: E940 | DD28: Glow-In-The-Dark
B29: 815 | C29: Garnet - Medium | G29: 3733 | H29: Dusty Rose | L29: 34 | M29: Fuchsia - Dark | Q29: 553 | R29: Violet | V29: 158 | W29: Blue - Dark | AK29: 924 | AL29: Gray Green - Very Dark | AP29: 503 | AQ29: Blue Green - Medium | AU29: 3347 | AV29: Yellow Green - Medium | AZ29: 3363 | BA29: Pine Green - Medium | BE29: 372 | BF29: Mustard - Light | BT29: 3340 | BU29: Apricot - Medium | BY29: 3722 | BZ29: Shell Pink - Medium | CI29: 3862 | CJ29: Mocha Beige - Dark | CN29: 839 | CO29: Beige Brown - Dark | CS29: 317 | CT29: Pewter Gray
B30: 814 | C30: Garnet - Dark | G30: 3731 | H30: Dusty Rose - Very Dark | L30: 35 | M30: Fuchsia - Very Dark | Q30: 552 | R30: Violet - Medium | V30: 791 | W30: Cornflower Blue - Very Dark | AK30: 3849 | AL30: Teal Green - Light | AP30: 502 | AQ30: Blue Green | AU30: 3346 | AV30: Hunter Green | AZ30: 3362 | BA30: Pine Green - Dark | BE30: 371 | BF30: Mustard | BT30: 608 | BU30: Orange - Bright | BY30: 3721 | BZ30: Shell Pink - Dark | CI30: 3031 | CJ30: Mocha Brown - Very Dark | CN30: 838 | CO30: Beige Brown - Very Dark | CS30: 413 | CT30: Pewter Gray - Dark
G31: 3350 | H31: Dusty Rose - Ultra Dark | Q31: 550 | R31: Violet - Very Dark | AK31: 3848 | AL31: Teal Green - Medium | AP31: 501 | AQ31: Blue Green - Dark | AU31: 3345 | AV31: Hunter Green - Dark | BE31: 370 | BF31: Mustard - Medium | BT31: 606 | BU31: Orange-red - Bright | BY31: 221 | BZ31: Shell Pink - Very Dark | CS31: 3799 | CT31: Pewter Gray - Very Dark
G32: 150 | H32: Red - Bright | L32: Updated March 2025 | AK32: 3847 | AL32: Teal Green - Dark | AP32: 500 | AQ32: Blue Green - Very Dark | AU32: 895 | AV32: Hunter Green - Very Dark | CS32: 310 | CT32: Black
CS33: ^ Depending on your country you may find either/both.
B34: This list does not include:
B35: Discontinued Threads
B36: Threads Not On The International Color Card
B37: Coloris Threads
B38: Étoile Threads
B39: Satin Threads
B40: Fluorescent Threads

Sheet Sheet2
A1: 3713 | B1: Salmon - Very Light | C1: ='DMC Threads - By Color'!E7 -> 0 | D1: 1
A2: 761 | B2: Salmon - Light | C2: ='DMC Threads - By Color'!E8 -> 0 | D2: 1
A3: 760 | B3: Salmon | C3: ='DMC Threads - By Color'!E9 -> 0 | D3: 1
A4: 3712 | B4: Salmon - Medium | C4: ='DMC Threads - By Color'!E10 -> 0 | D4: 1
A5: 3328 | B5: Salmon - Dark | C5: ='DMC Threads - By Color'!E11 -> 0 | D5: 1
A6: 347 | B6: Salmon - Very Dark | C6: ='DMC Threads - By Color'!E12 -> 0 | D6: 1
A7: 353 | B7: Peach | C7: ='DMC Threads - By Color'!E13 -> 0 | D7: 1
A8: 352 | B8: Coral - Light | C8: ='DMC Threads - By Color'!E14 -> 0 | D8: 1
A9: 351 | B9: Coral | C9: ='DMC Threads - By Color'!E15 -> 0 | D9: 1
A10: 350 | B10: Coral - Medium | C10: ='DMC Threads - By Color'!E16 -> 0 | D10: 1
A11: 349 | B11: Coral - Dark | C11: ='DMC Threads - By Color'!E17 -> 0 | D11: 1
A12: 817 | B12: Coral Red - Very Dark | C12: ='DMC Threads - By Color'!E18 -> 0 | D12: 1
... A24: 814 | B24: Garnet - Dark | C24: ='DMC Threads - By Color'!E30 -> 0 | D24: 1
A25: 894 | B25: Carnation - Very Light | C25: ='DMC Threads - By Color'!J7 -> 0 | D25: 2
A26: 893 | B26: Carnation - Light | C26: ='DMC Threads - By Color'!J8 -> 0 | D26: 2
A27: 892 | B27: Carnation - Medium | C27: ='DMC Threads - By Color'!J9 -> 0 | D27: 2
A28: 891 | B28: Carnation - Dark | C28: ='DMC Threads - By Color'!J10 -> 0 | D28: 2
A29: 818 | B29: Baby Pink | C29: ='DMC Threads - By Color'!J11 -> 0 | D29: 2
A30: 957 | B30: Geranium - Pale | C30: ='DMC Threads - By Color'!J12 -> 0 | D30: 2
A31: 956 | B31: Geranium | C31: ='DMC Threads - By Color'!J13 -> 0 | D31: 2
A32: 3708 | B32: Melon - Light | C32: ='DMC Threads - By Color'!J14 -> 0 | D32: 2
A33: 3706 | B33: Melon - Medium | C33: ='DMC Threads - By Color'!J15 -> 0 | D33: 2
A34: 3705 | B34: Melon - Dark | C34: ='DMC Threads - By Color'!J16 -> 0 | D34: 2
A35: 963 | B35: Dusty Rose - Ultra Very Light | C35: ='DMC Threads - By Color'!J17 -> 0 | D35: 2
A36: 3716 | B36: Dusty Rose - Very Light | C36: ='DMC Threads - By Color'!J18 -> 0 | D36: 2
... A50: 150 | B50: Red - Bright | C50: ='DMC Threads - By Color'!J32 -> 0 | D50: 2
A51: 23 | B51: Apple Blossom | C51: ='DMC Threads - By Color'!O7 -> 0 | D51: 3
A52: 3689 | B52: Mauve - Light | C52: ='DMC Threads - By Color'!O8 -> 0 | D52: 3
A53: 3688 | B53: Mauve - Medium | C53: ='DMC Threads - By Color'!O9 -> 0 | D53: 3
A54: 3687 | B54: Mauve | C54: ='DMC Threads - By Color'!O10 -> 0 | D54: 3
A55: 3803 | B55: Mauve - Dark | C55: ='DMC Threads - By Color'!O11 -> 0 | D55: 3
A56: 3685 | B56: Mauve - Very Dark | C56: ='DMC Threads - By Color'!O12 -> 0 | D56: 3
A57: 605 | B57: Cranberry - Very Light | C57: ='DMC Threads - By Color'!O13 -> 0 | D57: 3
A58: 604 | B58: Cranberry - Light | C58: ='DMC Threads - By Color'!O14 -> 0 | D58: 3
A59: 603 | B59: Cranberry - Light Medium | C59: ='DMC Threads - By Color'!O15 -> 0 | D59: 3
A60: 602 | B60: Cranberry - Medium | C60: ='DMC Threads - By Color'!O16 -> 0 | D60: 3
A61: 601 | B61: Cranberry - Dark | C61: ='DMC Threads - By Color'!O17 -> 0 | D61: 3
A62: 600 | B62: Cranberry - Very Dark | C62: ='DMC Threads - By Color'!O18 -> 0 | D62: 3
... A74: 35 | B74: Fuchsia - Very Dark | C74: ='DMC Threads - By Color'!O30 -> 0 | D74: 3
A75: 778 | B75: Antique Mauve - Very Light | C75: ='DMC Threads - By Color'!T7 -> 0 | D75: 4
A76: 3727 | B76: Antique Mauve - Light | C76: ='DMC Threads - By Color'!T8 -> 0 | D76: 4
A77: 316 | B77: Antique Mauve - Medium | C77: ='DMC Threads - By Color'!T9 -> 0 | D77: 4
A78: 3726 | B78: Antique Mauve - Dark | C78: ='DMC Threads - By Color'!T10 -> 0 | D78: 4
A79: 315 | B79: Antique Mauve - Medium Dark | C79: ='DMC Threads - By Color'!T11 -> 0 | D79: 4
A80: 3802 | B80: Antique Mauve - Very Dark | C80: ='DMC Threads - By Color'!T12 -> 0 | D80: 4
A81: 902 | B81: Garnet - Very Dark | C81: ='DMC Threads - By Color'!T13 -> 0 | D81: 4
A82: 3836 | B82: Grape - Light | C82: ='DMC Threads - By Color'!T14 -> 0 | D82: 4
A83: 3835 | B83: Grape - Medium | C83: ='DMC Threads - By Color'!T15 -> 0 | D83: 4
A84: 3834 | B84: Grape - Dark | C84: ='DMC Threads - By Color'!T16 -> 0 | D84: 4
A85: 154 | B85: Red - Very Dark | C85: ='DMC Threads - By Color'!T17 -> 0 | D85: 4
A86: 24 | B86: White Lavender | C86: ='DMC Threads - By Color'!T18 -> 0 | D86: 4
... A99: 550 | B99: Violet - Very Dark | C99: ='DMC Threads - By Color'!T31 -> 0 | D99: 4
A100: 3743 | B100: Antique Violet - Very Light | C100: ='DMC Threads - By Color'!Y7 -> 0 | D100: 5
A101: 3042 | B101: Antique Violet - Light | C101: ='DMC Threads - By Color'!Y8 -> 0 | D101: 5
A102: 3041 | B102: Antique Violet - Medium | C102: ='DMC Threads - By Color'!Y9 -> 0 | D102: 5
A103: 3740 | B103: Antique Violet - Dark | C103: ='DMC Threads - By Color'!Y10 -> 0 | D103: 5
A104: 27 | B104: White Violet | C104: ='DMC Threads - By Color'!Y11 -> 0 | D104: 5
A105: 28 | B105: Eggplant - Medium Light | C105: ='DMC Threads - By Color'!Y12 -> 0 | D105: 5
A106: 29 | B106: Eggplant | C106: ='DMC Threads - By Color'!Y13 -> 0 | D106: 5
A107: 3747 | B107: Blue Violet - Very Light | C107: ='DMC Threads - By Color'!Y14 -> 0 | D107: 5
A108: 341 | B108: Blue Violet - Light | C108: ='DMC Threads - By Color'!Y15 -> 0 | D108: 5
A109: 156 | B109: Blue - Medium | C109: ='DMC Threads - By Color'!Y16 -> 0 | D109: 5
A110: 340 | B110: Blue Violet - Medium | C110: ='DMC Threads - By Color'!Y17 -> 0 | D110: 5
A111: 155 | B111: Forget-me-not Blue | C111: ='DMC Threads - By Color'!Y18 -> 0 | D111: 5
... A123: 791 | B123: Cornflower Blue - Very Dark | C123: ='DMC Threads - By Color'!Y30 -> 0 | D123: 5
A124: 3840 | B124: Lavender Blue - Light | C124: ='DMC Threads - By Color'!AD7 -> 0 | D124: 6
A125: 3839 | B125: Lavender Blue - Medium | C125: ='DMC Threads - By Color'!AD8 -> 0 | D125: 6
A126: 3838 | B126: Lavender Blue - Dark | C126: ='DMC Threads - By Color'!AD9 -> 0 | D126: 6
A127: 800 | B127: Delft Blue - Pale | C127: ='DMC Threads - By Color'!AD10 -> 0 | D127: 6
A128: 809 | B128: Delft Blue | C128: ='DMC Threads - By Color'!AD11 -> 0 | D128: 6
A129: 799 | B129: Delft Blue - Medium | C129: ='DMC Threads - By Color'!AD12 -> 0 | D129: 6
A130: 798 | B130: Delft Blue - Dark | C130: ='DMC Threads - By Color'!AD13 -> 0 | D130: 6
A131: 797 | B131: Royal Blue | C131: ='DMC Threads - By Color'!AD14 -> 0 | D131: 6
A132: 796 | B132: Royal Blue - Dark | C132: ='DMC Threads - By Color'!AD15 -> 0 | D132: 6
A133: 820 | B133: Royal Blue - Very Dark | C133: ='DMC Threads - By Color'!AD16 -> 0 | D133: 6
A134: 162 | B134: Baby Blue - Light | C134: ='DMC Threads - By Color'!AD17 -> 0 | D134: 6
A135: 827 | B135: Blue - Very Light | C135: ='DMC Threads - By Color'!AD18 -> 0 | D135: 6
... A145: 3844 | B145: Bright Turquoise - Dark | C145: ='DMC Threads - By Color'!AD28 -> 0 | D145: 6
A146: 159 | B146: Petrol Blue - Light | C146: ='DMC Threads - By Color'!AI7 -> 0 | D146: 7
A147: 160 | B147: Petrol Blue - Medium | C147: ='DMC Threads - By Color'!AI8 -> 0 | D147: 7
A148: 161 | B148: Petrol Blue - Dark | C148: ='DMC Threads - By Color'!AI9 -> 0 | D148: 7
A149: 3756 | B149: Baby Blue - Light | C149: ='DMC Threads - By Color'!AI10 -> 0 | D149: 7
A150: 775 | B150: Baby Blue - Very Light | C150: ='DMC Threads - By Color'!AI11 -> 0 | D150: 7
A151: 3841 | B151: Baby Blue - Pale | C151: ='DMC Threads - By Color'!AI12 -> 0 | D151: 7
A152: 3325 | B152: Baby Blue - Light | C152: ='DMC Threads - By Color'!AI13 -> 0 | D152: 7
A153: 3755 | B153: Baby Blue | C153: ='DMC Threads - By Color'!AI14 -> 0 | D153: 7
A154: 334 | B154: Baby Blue - Medium | C154: ='DMC Threads - By Color'!AI15 -> 0 | D154: 7
A155: 322 | B155: Baby Blue | C155: ='DMC Threads - By Color'!AI16 -> 0 | D155: 7
A156: 312 | B156: Baby Blue - Very Dark | C156: ='DMC Threads - By Color'!AI17 -> 0 | D156: 7
A157: 803 | B157: Blue - Deep | C157: ='DMC Threads - By Color'!AI18 -> 0 | D157: 7
... A166: 3750 | B166: Antique Blue - Very Dark | C166: ='DMC Threads - By Color'!AI27 -> 0 | D166: 7
A167: 828 | B167: Blue - Ultra Very Light | C167: ='DMC Threads - By Color'!AN7 -> 0 | D167: 8
A168: 3761 | B168: Sky Blue - Light | C168: ='DMC Threads - By Color'!AN8 -> 0 | D168: 8
A169: 519 | B169: Sky Blue | C169: ='DMC Threads - By Color'!AN9 -> 0 | D169: 8
A170: 518 | B170: Wedgewood - Light | C170: ='DMC Threads - By Color'!AN10 -> 0 | D170: 8
A171: 3760 | B171: Wedgewood - Medium | C171: ='DMC Threads - By Color'!AN11 -> 0 | D171: 8
A172: 517 | B172: Wedgewood - Dark | C172: ='DMC Threads - By Color'!AN12 -> 0 | D172: 8
A173: 3842 | B173: Wedgewood - Dark | C173: ='DMC Threads - By Color'!AN13 -> 0 | D173: 8
A174: 311 | B174: Blue - Medium | C174: ='DMC Threads - By Color'!AN14 -> 0 | D174: 8
A175: 747 | B175: Sky Blue - Very Light | C175: ='DMC Threads - By Color'!AN15 -> 0 | D175: 8
...

Sheet Print - By Number
A1: Number | B1: Name | C1: Color | D1: Owned | E1: Notes
A2: Ecru | B2: Ecru/off-white | D2: ='DMC Threads - By Number'!E6 -> 0
A3: Blanc^ | B3: White | D3: ='DMC Threads - By Number'!E7 -> 0
A4: White^ | B4: White | D4: ='DMC Threads - By Number'!E8 -> 0
A5: B5200 | B5: Snow White | D5: ='DMC Threads - By Number'!E9 -> 0
A6: 1 | B6: White Tin | D6: ='DMC Threads - By Number'!E10 -> 0
A7: 2 | B7: Tin | D7: ='DMC Threads - By Number'!E11 -> 0
A8: 3 | B8: Tin - Medium | D8: ='DMC Threads - By Number'!E12 -> 0
A9: 4 | B9: Tin - Dark | D9: ='DMC Threads - By Number'!E13 -> 0
A10: 5 | B10: Driftwood - Light | D10: ='DMC Threads - By Number'!E14 -> 0
A11: 6 | B11: Driftwood - Medium Light | D11: ='DMC Threads - By Number'!E15 -> 0
A12: 7 | B12: Driftwood | D12: ='DMC Threads - By Number'!E16 -> 0
A13: 8 | B13: Driftwood - Dark | D13: ='DMC Threads - By Number'!E17 -> 0
A14: 9 | B14: Cocoa - Very Dark | D14: ='DMC Threads - By Number'!E18 -> 0
A15: 10 | B15: Tender Green - Very Light | D15: ='DMC Threads - By Number'!E19 -> 0
A16: 11 | B16: Tender Green - Light | D16: ='DMC Threads - By Number'!E20 -> 0
A17: 12 | B17: Tender Green | D17: ='DMC Threads - By Number'!E21 -> 0
... A52: 161 | B52: Petrol Blue - Dark | D52: ='DMC Threads - By Number'!E56 -> 0
A53: Number | B53: Name | C53: Color | D53: Owned | E53: Notes
A54: 162 | B54: Baby Blue - Light | D54: ='DMC Threads - By Number'!E57 -> 0
A55: 163 | B55: Green | D55: ='DMC Threads - By Number'!E58 -> 0
A56: 164 | B56: Green - Light | D56: ='DMC Threads - By Number'!E59 -> 0
A57: 165 | B57: Green - Bright | D57: ='DMC Threads - By Number'!E60 -> 0
A58: 166 | B58: Lime Green | D58: ='DMC Threads - By Number'!E61 -> 0
A59: 167 | B59: Khaki Brown | D59: ='DMC Threads - By Number'!E62 -> 0
A60: 168 | B60: Silver Gray | D60: ='DMC Threads - By Number'!E63 -> 0
A61: 169 | B61: Pewter Gray | D61: ='DMC Threads - By Number'!E64 -> 0
A62: 208 | B62: Lavender - Very Dark | D62: ='DMC Threads - By Number'!E65 -> 0
A63: 209 | B63: Lavender - Dark | D63: ='DMC Threads - By Number'!E66 -> 0
A64: 210 | B64: Lavender - Medium | D64: ='DMC Threads - By Number'!E67 -> 0
A65: 211 | B65: Lavender - Light | D65: ='DMC Threads - By Number'!E68 -> 0
... A69: 225 | B69: Shell Pink - Ultra Very Light | D69: ='DMC Threads - By Number'!E72 -> 0
A70: 300 | B70: Mahogany - Very Dark | D70: ='DMC Threads - By Number'!J6 -> 0
A71: 301 | B71: Mahogany - Medium | D71: ='DMC Threads - By Number'!J7 -> 0
A72: 304 | B72: Red - Medium | D72: ='DMC Threads - By Number'!J8 -> 0
A73: 307 | B73: Lemon | D73: ='DMC Threads - By Number'!J9 -> 0
A74: 309 | B74: Rose - Dark | D74: ='DMC Threads - By Number'!J10 -> 0
A75: 310 | B75: Black | D75: ='DMC Threads - By Number'!J11 -> 0
A76: 311 | B76: Blue - Medium | D76: ='DMC Threads - By Number'!J12 -> 0
A77: 312 | B77: Baby Blue - Very Dark | D77: ='DMC Threads - By Number'!J13 -> 0
A78: 315 | B78: Antique Mauve - Medium Dark | D78: ='DMC Threads - By Number'!J14 -> 0
A79: 316 | B79: Antique Mauve - Medium | D79: ='DMC Threads - By Number'!J15 -> 0
A80: 317 | B80: Pewter Gray | D80: ='DMC Threads - By Number'!J16 -> 0
A81: 318 | B81: Steel Gray - Light | D81: ='DMC Threads - By Number'!J17 -> 0
... A101: 356 | B101: Terra Cotta - Medium | D101: ='DMC Threads - By Number'!J37 -> 0
A102: Number | B102: Name | C102: Color | D102: Owned | E102: Notes
A103: 367 | B103: Pistachio Green - Dark | D103: ='DMC Threads - By Number'!J38 -> 0
A104: 368 | B104: Pistachio Green - Light | D104: ='DMC Threads - By Number'!J39 -> 0
A105: 369 | B105: Pistachio Green - Very Light | D105: ='DMC Threads - By Number'!J40 -> 0
A106: 370 | B106: Mustard - Medium | D106: ='DMC Threads - By Number'!J41 -> 0
A107: 371 | B107: Mustard | D107: ='DMC Threads - By Number'!J42 -> 0
A108: 372 | B108: Mustard - Light | D108: ='DMC Threads - By Number'!J43 -> 0
A109: 400 | B109: Mahogany - Dark | D109: ='DMC Threads - By Number'!J44 -> 0
A110: 402 | B110: Mahogany - Very Light | D110: ='DMC Threads - By Number'!J45 -> 0
A111: 407 | B111: Desert Sand - Dark | D111: ='DMC Threads - By Number'!J46 -> 0
A112: 413 | B112: Pewter Gray - Dark | D112: ='DMC Threads - By Number'!J47 -> 0
A113: 414 | B113: Steel Gray - Dark | D113: ='DMC Threads - By Number'!J48 -> 0
A114: 415 | B114: Pearl Gray | D114: ='DMC Threads - By Number'!J49 -> 0
... A135: 503 | B135: Blue Green - Medium | D135: ='DMC Threads - By Number'!J70 -> 0
A136: 504* | B136: Blue Green - Very Light | D136: ='DMC Threads - By Number'!J71 -> 0
A137: 505 | B137: Grass Green - Dark | D137: ='DMC Threads - By Number'!J72 -> 0
A138: 517 | B138: Wedgewood - Dark | D138: ='DMC Threads - By Number'!O6 -> 0
A139: 518 | B139: Wedgewood - Light | D139: ='DMC Threads - By Number'!O7 -> 0
A140: 519 | B140: Sky Blue | D140: ='DMC Threads - By Number'!O8 -> 0
A141: 520 | B141: Fern Green - Dark | D141: ='DMC Threads - By Number'!O9 -> 0
A142: 522 | B142: Fern Green | D142: ='DMC Threads - By Number'!O10 -> 0
A143: 523 | B143: Fern Green - Light | D143: ='DMC Threads - By Number'!O11 -> 0
A144: 524 | B144: Fern Green - Very Light | D144: ='DMC Threads - By Number'!O12 -> 0
A145: 535 | B145: Ash Gray - Very Light | D145: ='DMC Threads - By Number'!O13 -> 0
A146: 543 | B146: Beige Brown - Ultra Very Light | D146: ='DMC Threads - By Number'!O14 -> 0
A147: 550 | B147: Violet - Very Dark | D147: ='DMC Threads - By Number'!O15 -> 0
A148: 552 | B148: Violet - Medium | D148: ='DMC Threads - By Number'!O16 -> 0
A149: 553 | B149: Violet | D149: ='DMC Threads - By Number'!O17 -> 0
A150: Number | B150: Name | C150: Color | D150: Owned | E150: Notes
A151: 554 | B151: Violet - Light | D151: ='DMC Threads - By Number'!O18 -> 0
A152: 561 | B152: Jade - Very Dark | D152: ='DMC Threads - By Number'!O19 -> 0
A153: 562 | B153: Jade - Medium | D153: ='DMC Threads - By Number'!O20 -> 0
A154: 563 | B154: Jade - Light | D154: ='DMC Threads - By Number'!O21 -> 0
A155: 564 | B155: Jade - Very Light | D155: ='DMC Threads - By Number'!O22 -> 0
A156: 580 | B156: Moss Green - Dark | D156: ='DMC Threads - By Number'!O23 -> 0
A157: 581 | B157: Moss Green | D157: ='DMC Threads - By Number'!O24 -> 0
A158: 597 | B158: Turquoise | D158: ='DMC Threads - By Number'!O25 -> 0
A159: 598 | B159: Turquoise - Light | D159: ='DMC Threads - By Number'!O26 -> 0
A160: 600 | B160: Cranberry - Very Dark | D160: ='DMC Threads - By Number'!O27 -> 0
A161: 601 | B161: Cranberry - Dark | D161: ='DMC Threads - By Number'!O28 -> 0
A162: 602 | B162: Cranberry - Medium | D162: ='DMC Threads - By Number'!O29 -> 0
... A197: 726 | B197: Topaz - Light | D197: ='DMC Threads - By Number'!O64 -> 0
A198: Number | B198: Name | C198: Color | D198: Owned | E198: Notes
A199: 727 | B199: Topaz - Very Light | D199: ='DMC Threads - By Number'!O65 -> 0
A200: 728 | B200: Golden Yellow | D200: ='DMC Threads - By Number'!O66 -> 0
A201: 729 | B201: Old Gold - Medium | D201: ='DMC Threads - By Number'!O67 -> 0
A202: 730 | B202: Olive Green - Very Dark | D202: ='DMC Threads - By Number'!O68 -> 0
A203: 731* | B203: Olive Green - Dark | D203: ='DMC Threads - By Number'!O69 -> 0
A204: 732 | B204: Olive Green | D204: ='DMC Threads - By Number'!O70 -> 0
A205: 733 | B205: Olive Green - Medium | D205: ='DMC Threads - By Number'!O71 -> 0
A206: 734 | B206: Olive Green - Light | D206: ='DMC Threads - By Number'!O72 -> 0
A207: 738 | B207: Tan - Very Light | D207: ='DMC Threads - By Number'!O73 -> 0
A208: 739 | B208: Tan - Ultra Very Light | D208: ='DMC Threads - By Number'!T6 -> 0
A209: 740 | B209: Tangerine | D209: ='DMC Threads - By Number'!T7 -> 0
A210: 741 | B210: Tangerine - Medium | D210: ='DMC Threads - By Number'!T8 -> 0
...

Sheet Print - By Number - Blank
A1: Number | B1: Name | C1: Color | D1: Owned | E1: Notes
A2: Ecru | B2: Ecru/off-white
A3: Blanc^ | B3: White
A4: White^ | B4: White
A5: B5200 | B5: Snow White
A6: 1 | B6: White Tin
A7: 2 | B7: Tin
A8: 3 | B8: Tin - Medium
A9: 4 | B9: Tin - Dark
A10: 5 | B10: Driftwood - Light
A11: 6 | B11: Driftwood - Medium Light
A12: 7 | B12: Driftwood
A13: 8 | B13: Driftwood - Dark
A14: 9 | B14: Cocoa - Very Dark
A15: 10 | B15: Tender Green - Very Light
A16: 11 | B16: Tender Green - Light
A17: 12 | B17: Tender Green
... A52: 161 | B52: Petrol Blue - Dark
A53: Number | B53: Name | C53: Color | D53: Owned | E53: Notes
A54: 162 | B54: Baby Blue - Light
A55: 163 | B55: Green
A56: 164 | B56: Green - Light
A57: 165 | B57: Green - Bright
A58: 166 | B58: Lime Green
A59: 167 | B59: Khaki Brown
A60: 168 | B60: Silver Gray
A61: 169 | B61: Pewter Gray
A62: 208 | B62: Lavender - Very Dark
A63: 209 | B63: Lavender - Dark
A64: 210 | B64: Lavender - Medium
A65: 211 | B65: Lavender - Light
... A101: 356 | B101: Terra Cotta - Medium
A102: Number | B102: Name | C102: Color | D102: Owned | E102: Notes
A103: 367 | B103: Pistachio Green - Dark
A104: 368 | B104: Pistachio Green - Light
A105: 369 | B105: Pistachio Green - Very Light
A106: 370 | B106: Mustard - Medium
A107: 371 | B107: Mustard
A108: 372 | B108: Mustard - Light
A109: 400 | B109: Mahogany - Dark
A110: 402 | B110: Mahogany - Very Light
A111: 407 | B111: Desert Sand - Dark
A112: 413 | B112: Pewter Gray - Dark
A113: 414 | B113: Steel Gray - Dark
A114: 415 | B114: Pearl Gray
... A135: 503 | B135: Blue Green - Medium
A136: 504* | B136: Blue Green - Very Light
A137: 505 | B137: Grass Green - Dark
A138: 517 | B138: Wedgewood - Dark
A139: 518 | B139: Wedgewood - Light
A140: 519 | B140: Sky Blue
A141: 520 | B141: Fern Green - Dark
A142: 522 | B142: Fern Green
A143: 523 | B143: Fern Green - Light
A144: 524 | B144: Fern Green - Very Light
A145: 535 | B145: Ash Gray - Very Light
A146: 543 | B146: Beige Brown - Ultra Very Light
A147: 550 | B147: Violet - Very Dark
A148: 552 | B148: Violet - Medium
A149: 553 | B149: Violet
A150: Number | B150: Name | C150: Color | D150: Owned | E150: Notes
A151: 554 | B151: Violet - Light
A152: 561 | B152: Jade - Very Dark
A153: 562 | B153: Jade - Medium
A154: 563 | B154: Jade - Light
A155: 564 | B155: Jade - Very Light
A156: 580 | B156: Moss Green - Dark
A157: 581 | B157: Moss Green
A158: 597 | B158: Turquoise
A159: 598 | B159: Turquoise - Light
A160: 600 | B160: Cranberry - Very Dark
A161: 601 | B161: Cranberry - Dark
A162: 602 | B162: Cranberry - Medium
... A197: 726 | B197: Topaz - Light
A198: Number | B198: Name | C198: Color | D198: Owned | E198: Notes
A199: 727 | B199: Topaz - Very Light
A200: 728 | B200: Golden Yellow
A201: 729 | B201: Old Gold - Medium
A202: 730 | B202: Olive Green - Very Dark
A203: 731* | B203: Olive Green - Dark
A204: 732 | B204: Olive Green
A205: 733 | B205: Olive Green - Medium
A206: 734 | B206: Olive Green - Light
A207: 738 | B207: Tan - Very Light
A208: 739 | B208: Tan - Ultra Very Light
A209: 740 | B209: Tangerine
A210: 741 | B210: Tangerine - Medium
A211: 742 | B211: Tangerine - Light
A212: 743 | B212: Yellow - Medium
A213: 744 | B213: Yellow - Pale
A214: 745 | B214: Yellow - Light Pale
A215: 746 | B215: Off White
... A223: 775 | B223: Baby Blue - Very Light
A224: 776* | B224: Pink - Medium
A225: 777 | B225: Red - Deep
A226: 778 | B226: Antique Mauve - Very Light
A227: 779 | B227: Brown
A228: 780 | B228: Topaz - Ultra Very Dark
A229: 781* | B229: Topaz - Very Dark
A230: 782 | B230: Topaz - Dark
...

Sheet DMC Threads - By Color
B2: SEARCH | C2: Name | D2: Owned | E2: Column
B3: 310 | C3: =VLOOKUP(B3,Sheet1!A1:C575,2,FALSE) -> Black | D3: =VLOOKUP(B3,Sheet1!A1:C575,3,FALSE) -> 0 | E3: =VLOOKUP(B3,Sheet1!A1:D575,4,FALSE) -> 20
G4: By Lord Libidan
B5: Column 1 | G5: Column 2 | L5: Column 3 | Q5: Column 4 | V5: Column 5 | AA5: Column 6 | AF5: Column 7 | AK5: Column 8 | AP5: Column 9 | AU5: Column 10 | AZ5: Column 11 | BE5: Column 12 | BJ5: Column 13 | BO5: Column 14 | BT5: Column 15 | BY5: Column 16 | CD5: Column 17 | CI5: Column 18 | CN5: Column 19 | CS5: Column 20 | CX5: Column 21 | DC5: Column 22 | DH5: Column 23 | DM5: Column 24 | DR5: Column 25 | DW5: Column 26
B6: Number | C6: Name | D6: Color | E6: Owned | G6: Number | H6: Name | I6: Color | J6: Owned | L6: Number | M6: Name | N6: Color | O6: Owned | Q6: Number | R6: Name | S6: Color | T6: Owned | V6: Number | W6: Name | X6: Color | Y6: Owned | AA6: Number | AB6: Name | AC6: Color | AD6: Owned | AF6: Number | AG6: Name | AH6: Color | AI6: Owned | AK6: Number | AL6: Name | AM6: Color | AN6: Owned | AP6: Number | AQ6: Name | AR6: Color | AS6: Owned | AU6: Number | AV6: Name | AW6: Color | AX6: Owned | AZ6: Number | BA6: Name | BB6: Color | BC6: Owned | BE6: Number | BF6: Name | BG6: Color | BH6: Owned | BJ6: Number | BK6: Name | BL6: Color | BM6: Owned | BO6: Number | BP6: Name | BQ6: Color | BR6: Owned | BT6: Number | BU6: Name | BV6: Color | BW6: Owned | BY6: Number | BZ6: Name | CA6: Color | CB6: Owned | CD6: Number | CE6: Name | CF6: Color | CG6: Owned | CI6: Number | CJ6: Name | CK6: Color | CL6: Owned | CN6: Number | CO6: Name | CP6: Color | CQ6: Owned | CS6: Number | CT6: Name | CU6: Color | CV6: Owned | CX6: Number | CY6: Name | CZ6: Color | DA6: Owned | DC6: Number | DD6: Name | DE6: Color | DF6: Owned | DH6: Number | DI6: Name | DJ6: Color | DK6: Owned | DM6: Number | DN6: Name | DO6: Color | DP6: Owned | DR6: Number | DS6: Name | DT6: Color | DU6: Owned | DW6: Number | DX6: Name | DY6: Color | DZ6: Owned
B7: 3713 | C7: Salmon - Very Light | E7: =Sheet1!C391 -> 0 | G7: 894 | H7: Carnation - Very Light | J7: =Sheet1!C274 -> 0 | L7: 23 | M7: Apple Blossom | O7: =Sheet1!C27 -> 0 | Q7: 778 | R7: Antique Mauve - Very Light | T7: =Sheet1!C221 -> 0 | V7: 3743 | W7: Antique Violet - Very Light | Y7: =Sheet1!C400 -> 0 | AA7: 3840 | AB7: Lavender Blue - Light | AD7: =Sheet1!C466 -> 0 | AF7: 159 | AG7: Petrol Blue - Light | AI7: =Sheet1!C49 -> 0 | AK7: 828 | AL7: Blue - Ultra Very Light | AN7: =Sheet1!C255 -> 0 | AP7: 964 | AQ7: Seagreen - Light | AS7: =Sheet1!C325 -> 0 | AU7: 955 | AV7: Nile Green - Light | AX7: =Sheet1!C317 -> 0 | AZ7: 14 | BA7: Apple Green - Pale | BC7: =Sheet1!C18 -> 0 | BE7: 10 | BF7: Tender Green - Very Light | BH7: =Sheet1!C14 -> 0 | BJ7: 17 | BK7: Yellow Plum - Light | BM7: =Sheet1!C21 -> 0 | BO7: 676 | BP7: Old Gold - Light | BR7: =Sheet1!C177 -> 0 | BT7: 445 | BU7: Lemon - Light | BW7: =Sheet1!C120 -> 0 | BY7: 951 | BZ7: Tawny - Light | CB7: =Sheet1!C315 -> 0 | CD7: 948 | CE7: Peach - Very Light | CG7: =Sheet1!C313 -> 0 | CI7: 453 | CJ7: Shell Gray - Light | CL7: =Sheet1!C123 -> 0 | CN7: 3865 | CO7: Winter White | CQ7: =Sheet1!C491 -> 0 | CS7: 3072 | CT7: Beaver Gray - Very Light | CV7: =Sheet1!C363 -> 0 | CX7: 48 | CY7: Variegated - Baby Pink | DA7: =Sheet1!C742 -> 0 | DC7: E316 | DD7: Metallic - Pink Amethyst | DF7: =Sheet1!C547 -> 0 | DH7: E5200 | DI7: Metallic - White | DK7: =Sheet1!C527 -> 0 | DM7: 4010 | DN7: Variations - Winter Sky | DP7: =Sheet1!C587 -> 0 | DR7: 4130 | DS7: Variations - Chilean Sunset | DU7: =Sheet1!C608 -> 0 | DW7: 5282 | DX7: Metallic Pearl - Gold | DZ7: =Sheet1!C585 -> 0
B8: 761 | C8: Salmon - Light | E8: =Sheet1!C215 -> 0 | G8: 893 | H8: Carnation - Light | J8: =Sheet1!C273 -> 0 | L8: 3689 | M8: Mauve - Light | O8: =Sheet1!C386 -> 0 | Q8: 3727 | R8: Antique Mauve - Light | T8: =Sheet1!C396 -> 0 | V8: 3042 | W8: Antique Violet - Light | Y8: =Sheet1!C355 -> 0 | AA8: 3839 | AB8: Lavender Blue - Medium | AD8: =Sheet1!C465 -> 0 | AF8: 160 | AG8: Petrol Blue - Medium | AI8: =Sheet1!C50 -> 0 | AK8: 3761 | AL8: Sky Blue - Light | AN8: =Sheet1!C409 -> 0 | AP8: 959 | AQ8: Seagreen - Medium | AS8: =Sheet1!C321 -> 0 | AU8: 13 | AV8: Nile Green - Medium Light | AX8: =Sheet1!C17 -> 0 | AZ8: 15 | BA8: Apple Green | BC8: =Sheet1!C19 -> 0 | BE8: 11 | BF8: Tender Green - Light | BH8: =Sheet1!C15 -> 0 | BJ8: 18 | BK8: Yellow Plum | BM8: =Sheet1!C22 -> 0 | BO8: 729 | BP8: Old Gold - Medium | BR8: =Sheet1!C196 -> 0 | BT8: 307 | BU8: Lemon | BW8: =Sheet1!C71 -> 0 | BY8: 3856 | BZ8: Mahogany - Ultra Very Light | CB8: =Sheet1!C482 -> 0 | CD8: 754 | CE8: Peach - Light | CG8: =Sheet1!C212 -> 0 | CI8: 452 | CJ8: Shell Gray - Medium | CL8: =Sheet1!C122 -> 0 | CN8: Ecru | CO8: Ecru/off-white | CQ8: =Sheet1!C1 -> 0 | CS8: 647 | CT8: Beaver Gray - Medium | CV8: =Sheet1!C174 -> 0 | CX8: 107 | CY8: Variegated - Carnation | DA8: =Sheet1!C765 -> 0 | DC8: E718 | DD8: Metallic - Pink Garnet | DF8: =Sheet1!C556 -> 0 | DH8: E746 | DI8: Metallic - Cream | DK8: =Sheet1!C557 -> 0 | DM8: 4015 | DN8: Variations - Stormy Skies | DP8: =Sheet1!C588 -> 0 | DR8: 4140 | DS8: Variations - Driftwood | DU8: =Sheet1!C609 -> 0 | DW8: 5283 | DX8: Metallic Pearl - Silver | DZ8: =Sheet1!C586 -> 0
B9: 760 | C9: Salmon | E9: =Sheet1!C214 -> 0 | G9: 892 | H9: Carnation - Medium | J9: =Sheet1!C272 -> 0 | L9: 3688 | M9: Mauve - Medium | O9: =Sheet1!C385 -> 0 | Q9: 316 | R9: Antique Mauve - Medium | T9: =Sheet1!C77 -> 0 | V9: 3041 | W9: Antique Violet - Medium | Y9: =Sheet1!C354 -> 0 | AA9: 3838 | AB9: Lavender Blue - Dark | AD9: =Sheet1!C464 -> 0 | AF9: 161 | AG9: Petrol Blue - Dark | AI9: =Sheet1!C51 -> 0 | AK9: 519 | AL9: Sky Blue | AN9: =Sheet1!C137 -> 0 | AP9: 958 | AQ9: Seagreen - Dark | AS9: =Sheet1!C320 -> 0 | AU9: 954 | AV9: Nile Green | AX9: =Sheet1!C316 -> 0 | AZ9: 16 | BA9: Chartreuse - Light | BC9: =Sheet1!C20 -> 0 | BE9: 12 | BF9: Tender Green | BH9: =Sheet1!C16 -> 0 | BJ9: 834 | BK9: Golden Olive - Very Light | BM9: =Sheet1!C261 -> 0 | BO9: 680 | BP9: Old Gold - Dark | BR9: =Sheet1!C179 -> 0 | BT9: 973 | BU9: Canary - Bright | BW9: =Sheet1!C331 -> 0 | BY9: 722 | BZ9: Orange Spice - Light | CB9: =Sheet1!C190 -> 0 | CD9: 3771 | CE9: Peach - Dark | CG9: =Sheet1!C414 -> 0 | CI9: 451 | CJ9: Shell Gray - Dark | CL9: =Sheet1!C121 -> 0 | CN9: 822 | CO9: Beige Gray - Light | CQ9: =Sheet1!C249 -> 0 | CS9: 3023 | CT9: Brown Gray - Light | CV9: =Sheet1!C349 -> 0 | CX9: 115 | CY9: Variegated - Garnet | DA9: =Sheet1!C771 -> 0 | DC9: E3837 | DD9: Metallic - Purple Ruby | DF9: =Sheet1!C568 -> 0 | DH9: E967 | DI9: Metallic - Soft Peach | DK9: =Sheet1!C564 -> 0 | DM9: 4020 | DN9: Variations - Tropical Waters | DP9: =Sheet1!C589 -> 0 | DR9: 4145 | DS9: Variations - Sandune | DU9: =Sheet1!C610 -> 0
B10: 3712 | C10: Salmon - Medium | E10: =Sheet1!C390 -> 0 | G10: 891 | H10: Carnation - Dark | J10: =Sheet1!C271 -> 0 | L10: 3687 | M10: Mauve | O10: =Sheet1!C384 -> 0 | Q10: 3726 | R10: Antique Mauve - Dark | T10: =Sheet1!C395 -> 0 | V10: 3740 | W10: Antique Violet - Dark | Y10: =Sheet1!C399 -> 0 | AA10: 800 | AB10: Delft Blue - Pale | AD10: =Sheet1!C235 -> 0 | AF10: 3756 | AG10: Baby Blue - Light | AI10: =Sheet1!C407 -> 0 | AK10: 518 | AL10: Wedgewood - Light | AN10: =Sheet1!C136 -> 0 | AP10: 3812 | AQ10: Seagreen - Very Dark | AS10: =Sheet1!C438 -> 0 | AU10: 913 | AV10: Nile Green - Medium | AX10: =Sheet1!C288 -> 0 | AZ10: 704 | BA10: Chartreuse - Bright | BC10: =Sheet1!C185 -> 0 | BE10: 165 | BF10: Green - Bright | BH10: =Sheet1!C55 -> 0 | BJ10: 833 | BK10: Golden Olive - Light | BM10: =Sheet1!C260 -> 0 | BO10: 3829 | BP10: Old Gold - Very Dark | BR10: =Sheet1!C455 -> 0 | BT10: 444 | BU10: Lemon - Dark | BW10: =Sheet1!C119 -> 0 | BY10: 721 | BZ10: Orange Spice - Medium | CB10: =Sheet1!C189 -> 0 | CD10: 758 | CE10: Terra Cotta - Very Light | CG10: =Sheet1!C213 -> 0 | CI10: 3861 | CJ10: Cocoa - Light | CL10: =Sheet1!C487 -> 0 | CN10: 644 | CO10: Beige Gray - Medium | CQ10: =Sheet1!C171 -> 0 | CS10: 3022 | CT10: Brown Gray - Medium | CV10: =Sheet1!C348 -> 0 | CX10: 99 | CY10: Variegated - Mauve | DA10: =Sheet1!C758 -> 0 | DC10: E155 | DD10: Metallic - Amethyst | DF10: =Sheet1!C542 -> 0 | DH10: E818 | DI10: Metallic - Soft Pink | DK10: =Sheet1!C560 -> 0 | DM10: 4025 | DN10: Variations - Caribbean Bay | DP10: =Sheet1!C590 -> 0 | DR10: 4150 | DS10: Variations - Desert Sand | DU10: =Sheet1!C611 -> 0
B11: 3328 | C11: Salmon - Dark | E11: =Sheet1!C367 -> 0 | G11: 818 | H11: Baby Pink | J11: =Sheet1!C246 -> 0 | L11: 3803 | M11: Mauve - Dark | O11: =Sheet1!C429 -> 0 | Q11: 315 | R11: Antique Mauve - Medium Dark | T11: =Sheet1!C76 -> 0 | V11: 27 | W11: White Violet | Y11: =Sheet1!C31 -> 0 | AA11: 809 | AB11: Delft Blue | AD11: =Sheet1!C240 -> 0 | AF11: 775 | AG11: Baby Blue - Very Light | AI11: =Sheet1!C218 -> 0 | AK11: 3760 | AL11: Wedgewood - Medium | AN11: =Sheet1!C408 -> 0 | AP11: 3851 | AQ11: Bright Green - Light | AS11: =Sheet1!C477 -> 0 | AU11: 912 | AV11: Emerald Green - Light | AX11: =Sheet1!C287 -> 0 | AZ11: 703 | BA11: Chartreuse | BC11: =Sheet1!C184 -> 0 | BE11: 3819 | BF11: Moss Green - Light | BH11: =Sheet1!C445 -> 0 | BJ11: 832 | BK11: Golden Olive | BM11: =Sheet1!C259 -> 0 | BO11: 3822 | BP11: Straw - Light | BR11: =Sheet1!C448 -> 0 | BT11: 3078 | BU11: Golden Yellow - Very Light | BW11: =Sheet1!C364 -> 0 | BY11: 720 | BZ11: Orange Spice - Dark | CB11: =Sheet1!C188 -> 0 | CD11: 3778 | CE11: Terra Cotta - Light | CG11: =Sheet1!C420 -> 0 | CI11: 3860 | CJ11: Cocoa | CL11: =Sheet1!C486 -> 0 | CN11: 642 | CO11: Beige Gray - Dark | CQ11: =Sheet1!C170 -> 0 | CS11: 3024 | CT11: Brown Gray - Very Light | CV11: =Sheet1!C350 -> 0 | CX11: 52 | CY11: Variegated - Violet | DA11: =Sheet1!C744 -> 0 | DC11: E825 | DD11: Metallic - Blue Sapphire | DF11: =Sheet1!C561 -> 0 | DH11: E211 | DI11: Metallic - Lilac | DK11: =Sheet1!C544 -> 0 | DM11: 4030 | DN11: Variations - Monet's Garden | DP11: =Sheet1!C591 -> 0 | DR11: 4160 | DS11: Variations - Glistening Pearl | DU11: =Sheet1!C612 -> 0
B12: 347 | C12: Salmon - Very Dark | E12: =Sheet1!C92 -> 0 | G12: 957 | H12: Geranium - Pale | J12: =Sheet1!C319 -> 0 | L12: 3685 | M12: Mauve - Very Dark | O12: =Sheet1!C383 -> 0 | Q12: 3802 | R12: Antique Mauve - Very Dark | T12: =Sheet1!C428 -> 0 | V12: 28 | W12: Eggplant - Medium Light | Y12: =Sheet1!C32 -> 0 | AA12: 799 | AB12: Delft Blue - Medium | AD12: =Sheet1!C234 -> 0 | AF12: 3841 | AG12: Baby Blue - Pale | AI12: =Sheet1!C467 -> 0 | AK12: 517 | AL12: Wedgewood - Dark | AN12: =Sheet1!C135 -> 0 | AP12: 943 | AQ12: Aquamarine - Medium | AS12: =Sheet1!C309 -> 0 | AU12: 911 | AV12: Emerald Green - Medium | AX12: =Sheet1!C286 -> 0 | AZ12: 702 | BA12: Kelly Green | BC12: =Sheet1!C183 -> 0 | BE12: 166 | BF12: Lime Green | BH12: =Sheet1!C56 -> 0 | BJ12: 831 | BK12: Golden Olive - Medium | BM12: =Sheet1!C258 -> 0 | BO12: 3821 | BP12: Straw | BR12: =Sheet1!C447 -> 0 | BT12: 727 | BU12: Topaz - Very Light | BW12: =Sheet1!C194 -> 0 | BY12: 3825 | BZ12: Pumpkin - Pale | CB12: =Sheet1!C451 -> 0 | CD12: 356 | CE12: Terra Cotta - Medium | CG12: =Sheet1!C99 -> 0 | CI12: 779 | CJ12: Brown | CL12: =Sheet1!C222 -> 0 | CN12: 640 | CO12: Beige Gray - Very Dark | CQ12: =Sheet1!C169 -> 0 | CS12: 648 | CT12: Beaver Gray - Light | CV12: =Sheet1!C175 -> 0 | CX12: 93 | CY12: Variegated - Blue Haze | DA12: =Sheet1!C755 -> 0 | DC12: E3843 | DD12: Metallic - Light Blue Sapphire | DF12: =Sheet1!C569 -> 0 | DH12: E3747 | DI12: Metallic - Sky Blue | DK12: =Sheet1!C566 -> 0 | DM12: 4040 | DN12: Variations - Water Lillies | DP12: =Sheet1!C592 -> 0 | DR12: 4170 | DS12: Variations - Whispering Wind | DU12: =Sheet1!C613 -> 0
B13: 353 | C13: Peach | E13: =Sheet1!C97 -> 0 | G13: 956 | H13: Geranium | J13: =Sheet1!C318 -> 0 | L13: 605 | M13: Cranberry - Very Light | O13: =Sheet1!C161 -> 0 | Q13: 902 | R13: Garnet - Very Dark | T13: =Sheet1!C279 -> 0 | V13: 29 | W13: Eggplant | Y13: =Sheet1!C33 -> 0 | AA13: 798 | AB13: Delft Blue - Dark | AD13: =Sheet1!C233 -> 0 | AF13: 3325 | AG13: Baby Blue - Light | AI13: =Sheet1!C365 -> 0 | AK13: 3842 | AL13: Wedgewood - Dark | AN13: =Sheet1!C468 -> 0 | AP13: 3850 | AQ13: Bright Green - Dark | AS13: =Sheet1!C476 -> 0 | AU13: 910 | AV13: Emerald Green - Dark | AX13: =Sheet1!C285 -> 0 | AZ13: 701 | BA13: Green - Light | BC13: =Sheet1!C182 -> 0 | BE13: 581 | BF13: Moss Green | BH13: =Sheet1!C153 -> 0 | BJ13: 830 | BK13: Golden Olive - Dark | BM13: =Sheet1!C257 -> 0 | BO13: 3820 | BP13: Straw - Dark | BR13: =Sheet1!C446 -> 0 | BT13: 726 | BU13: Topaz - Light | BW13: =Sheet1!C193 -> 0 | BY13: 922 | BZ13: Copper - Light | CB13: =Sheet1!C295 -> 0 | CD13: 3830 | CE13: Terra Cotta | CG13: =Sheet1!C456 -> 0 | CI13: 9 | CJ13: Cocoa - Very Dark | CL13: =Sheet1!C13 -> 0 | CN13: 3787 | CO13: Brown Gray - Dark | CQ13: =Sheet1!C424 -> 0 | CS13: 646 | CT13: Beaver Gray - Dark | CV13: =Sheet1!C173 -> 0 | CX13: 121 | CY13: Variegated - Delft Blue | DA13: =Sheet1!C773 -> 0 | DC13: E334 | DD13: Metallic - Blue Topaz | DF13: =Sheet1!C550 -> 0 | DH13: E747 | DI13: Metallic - Baby Blue | DK13: =Sheet1!C558 -> 0 | DM13: 4045 | DN13: Variations - Evergreen Forest | DP13: =Sheet1!C593 -> 0 | DR13: 4180 | DS13: Variations - Rose Petals | DU13: =Sheet1!C614 -> 0
B14: 352 | C14: Coral - Light | E14: =Sheet1!C96 -> 0 | G14: 3708 | H14: Melon - Light | J14: =Sheet1!C389 -> 0 | L14: 604 | M14: Cranberry - Light | O14: =Sheet1!C160 -> 0 | Q14: 3836 | R14: Grape - Light | T14: =Sheet1!C462 -> 0 | V14: 3747 | W14: Blue Violet - Very Light | Y14: =Sheet1!C402 -> 0 | AA14: 797 | AB14: Royal Blue | AD14: =Sheet1!C232 -> 0 | AF14: 3755 | AG14: Baby Blue | AI14: =Sheet1!C406 -> 0 | AK14: 311 | AL14: Blue - Medium | AN14: =Sheet1!C74 -> 0 | AP14: 993 | AQ14: Aquamarine - Very Light | AS14: =Sheet1!C341 -> 0 | AU14: 909 | AV14: Emerald Green - Very Dark | AX14: =Sheet1!C284 -> 0 | AZ14: 700 | BA14: Green - Bright | BC14: =Sheet1!C181 -> 0 | BE14: 580 | BF14: Moss Green - Dark | BH14: =Sheet1!C152 -> 0 | BJ14: 829 | BK14: Golden Olive - Very Dark | BM14: =Sheet1!C256 -> 0 | BO14: 3852 | BP14: Straw - Very Dark | BR14: =Sheet1!C478 -> 0 | BT14: 725 | BU14: Topaz | BW14: =Sheet1!C192 -> 0 | BY14: 921 | BZ14: Copper | CB14: =Sheet1!C294 -> 0 | CD14: 355 | CE14: Terra Cotta - Dark | CG14: =Sheet1!C98 -> 0 | CI14: 712 | CJ14: Cream | CL14: =Sheet1!C186 -> 0 | CN14: 3021 | CO14: Brown Gray - Very Dark | CQ14: =Sheet1!C347 -> 0 | CS14: 645 | CT14: Beaver Gray - Very Dark | CV14: =Sheet1!C172 -> 0 | CX14: 67 | CY14: Variegated - Baby Blue | DA14: =Sheet1!C749 -> 0 | DC14: E3849 | DD14: Metallic - Aquamarine Blue | DF14: =Sheet1!C570 -> 0 | DH14: E966 | DI14: Metallic - Lime | DK14: =Sheet1!C563 -> 0 | DM14: 4050 | DN14: Variations - Roaming Pastures | DP14: =Sheet1!C594 -> 0 | DR14: 4190 | DS14: Variations - Ocean Coral | DU14: =Sheet1!C615 -> 0
B15: 351 | C15: Coral | E15: =Sheet1!C95 -> 0 | G15: 3706 | H15: Melon - Medium | J15: =Sheet1!C388 -> 0 | L15: 603 | M15: Cranberry - Light Medium | O15: =Sheet1!C159 -> 0 | Q15: 3835 | R15: Grape - Medium | T15: =Sheet1!C461 -> 0 | V15: 341 | W15: Blue Violet - Light | Y15: =Sheet1!C91 -> 0 | AA15: 796 | AB15: Royal Blue - Dark | AD15: =Sheet1!C231 -> 0 | AF15: 334 | AG15: Baby Blue - Medium | AI15: =Sheet1!C87 -> 0 | AK15: 747 | AL15: Sky Blue - Very Light | AN15: =Sheet1!C211 -> 0 | AP15: 992 | AQ15: Aquamarine - Light | AS15: =Sheet1!C340 -> 0 | AU15: 3818 | AV15: Emerald Green - Ultra Very Dark | AX15: =Sheet1!C444 -> 0 | AZ15: 699 | BA15: Green | BC15: =Sheet1!C180 -> 0 | BE15: 523 | BF15: Fern Green - Light | BH15: =Sheet1!C140 -> 0 | BJ15: 746 | BK15: Off White | BM15: =Sheet1!C210 -> 0 | BO15: 728 | BP15: Golden Yellow | BR15: =Sheet1!C195 -> 0 | BT15: 972 | BU15: Canary - Deep | BW15: =Sheet1!C330 -> 0 | BY15: 920 | BZ15: Copper - Medium | CB15: =Sheet1!C293 -> 0 | CD15: 3777 | CE15: Terra Cotta - Very Dark | CG15: =Sheet1!C419 -> 0 | CI15: 739 | CJ15: Tan - Ultra Very Light | CL15: =Sheet1!C203 -> 0 | CN15: 844 | CO15: Beaver Gray - Ultra Dark | CQ15: =Sheet1!C267 -> 0 | CS15: B5200 | CT15: Snow White | CV15: =Sheet1!C4 -> 0 | CX15: 125 | CY15: Variegated - Seafoam Green | DA15: =Sheet1!C777 -> 0 | DC15: E703 | DD15: Metallic - Light Green Emerald | DF15: =Sheet1!C555 -> 0 | DH15: E168 | DI15: Metallic - Silver | DK15: =Sheet1!C543 -> 0 | DM15: 4060 | DN15: Variations - Weeping Willow | DP15: =Sheet1!C595 -> 0 | DR15: 4200 | DS15: Variations - Wild Fire | DU15: =Sheet1!C616 -> 0
B16: 350 | C16: Coral - Medium | E16: =Sheet1!C94 -> 0 | G16: 3705 | H16: Melon - Dark | J16: =Sheet1!C387 -> 0 | L16: 602 | M16: Cranberry - Medium | O16: =Sheet1!C158 -> 0 | Q16: 3834 | R16: Grape - Dark | T16: =Sheet1!C460 -> 0 | V16: 156 | W16: Blue - Medium | Y16: =Sheet1!C46 -> 0 | AA16: 820 | AB16: Royal Blue - Very Dark | AD16: =Sheet1!C248 -> 0 | AF16: 322 | AG16: Baby Blue | AI16: =Sheet1!C83 -> 0 | AK16: 3766 | AL16: Peacock Blue - Light | AN16: =Sheet1!C411 -> 0 | AP16: 3814 | AQ16: Aquamarine | AS16: =Sheet1!C440 -> 0 | AU16: 369 | AV16: Pistachio Green - Very Light | AX16: =Sheet1!C102 -> 0 | AZ16: 907 | BA16: Parrot Green - Light | BC16: =Sheet1!C283 -> 0 | BE16: 3053 | BF16: Green Gray | BH16: =Sheet1!C361 -> 0 | BJ16: 677 | BK16: Old Gold - Very Light | BM16: =Sheet1!C178 -> 0 | BO16: 783 | BP16: Topaz - Medium | BR16: =Sheet1!C226 -> 0 | BT16: 745 | BU16: Yellow - Light Pale | BW16: =Sheet1!C209 -> 0 | BY16: 919 | BZ16: Red Copper | CB16: =Sheet1!C292 -> 0 | CD16: 3779 | CE16: Terra Cotta - Ultra Very Light | CG16: =Sheet1!C421 -> 0 | CI16: 738 | CJ16: Tan - Very Light | CL16: =Sheet1!C202 -> 0 | CN16: 3033 | CO16: Mocha Brown - Very Light | CQ16: =Sheet1!C353 -> 0 | CS16: Blanc^ | CT16: White | CV16: =Sheet1!C2 -> 0 | CX16: 92 | CY16: Variegated - Avocado | DA16: =Sheet1!C754 -> 0 | DC16: E699 | DD16: Metallic - Green Emerald | DF16: =Sheet1!C554 -> 0 | DH16: E415 | DI16: Metallic - Pewter | DK16: =Sheet1!C551 -> 0 | DM16: 4065 | DN16: Variations - Morning Meadow | DP16: =Sheet1!C596 -> 0 | DR16: 4210 | DS16: Variations - Radiant Ruby | DU16: =Sheet1!C617 -> 0
B17: 349 | C17: Coral - Dark | E17: =Sheet1!C93 -> 0 | G17: 963 | H17: Dusty Rose - Ultra Very Light | J17: =Sheet1!C324 -> 0 | L17: 601 | M17: Cranberry - Dark | O17: =Sheet1!C157 -> 0 | Q17: 154 | R17: Red - Very Dark | T17: =Sheet1!C44 -> 0 | V17: 340 | W17: Blue Violet - Medium | Y17: =Sheet1!C90 -> 0 | AA17: 162 | AB17: Baby Blue - Light | AD17: =Sheet1!C52 -> 0 | AF17: 312 | AG17: Baby Blue - Very Dark | AI17: =Sheet1!C75 -> 0 | AK17: 807 | AL17: Peacock Blue | AN17: =Sheet1!C239 -> 0 | AP17: 991 | AQ17: Aquamarine - Dark | AS17: =Sheet1!C339 -> 0 | AU17: 368 | AV17: Pistachio Green - Light | AX17: =Sheet1!C101 -> 0 | AZ17: 906 | BA17: Parrot Green - Medium | BC17: =Sheet1!C282 -> 0 | BE17: 3052 | BF17: Green Gray - Medium | BH17: =Sheet1!C360 -> 0 | BJ17: 422 | BK17: Hazelnut Brown - Light | BM17: =Sheet1!C113 -> 0 | BO17: 782 | BP17: Topaz - Dark | BR17: =Sheet1!C225 -> 0 | BT17: 744 | BU17: Yellow - Pale | BW17: =Sheet1!C208 -> 0 | BY17: 918 | BZ17: Red Copper - Dark | CB17: =Sheet1!C291 -> 0 | CD17: 3859 | CE17: Rosewood - Light | CG17: =Sheet1!C485 -> 0 | CI17: 437 | CJ17: Tan - Light | CL17: =Sheet1!C118 -> 0 | CN17: 3782 | CO17: Mocha Brown - Light | CQ17: =Sheet1!C423 -> 0 | CS17: White^ | CT17: White | CV17: =Sheet1!C3 -> 0 | CX17: 94 | CY17: Variegated - Khaki Green | DA17: =Sheet1!C756 -> 0 | DC17: E135 | DD17: Metallic - Golden Dawn | DF17: =Sheet1!C531 -> 0 | DH17: E317 | DI17: Metallic - Titanium | DK17: =Sheet1!C548 -> 0 | DM17: 4070 | DN17: Variations - Autumn Leaves | DP17: =Sheet1!C597 -> 0 | DR17: 4215 | DS17: Variations - Northern Lights | DU17: =Sheet1!C618 -> 0
B18: 817 | C18: Coral Red - Very Dark | E18: =Sheet1!C245 -> 0 | G18: 3716 | H18: Dusty Rose - Very Light | J18: =Sheet1!C392 -> 0 | L18: 600 | M18: Cranberry - Very Dark | O18: =Sheet1!C156 -> 0 | Q18: 24 | R18: White Lavender | T18: =Sheet1!C28 -> 0 | V18: 155 | W18: Forget-me-not Blue | Y18: =Sheet1!C45 -> 0 | AA18: 827 | AB18: Blue - Very Light | AD18: =Sheet1!C254 -> 0 | AF18: 803 | AG18: Blue - Deep | AI18: =Sheet1!C237 -> 0 | AK18: 3765 | AL18: Peacock Blue - Very Dark | AN18: =Sheet1!C410 -> 0 | AP18: 966 | AQ18: Baby Green - Medium | AS18: =Sheet1!C326 -> 0 | AU18: 320 | AV18: Pistachio Green - Medium | AX18: =Sheet1!C81 -> 0 | AZ18: 905 | BA18: Parrot Green - Dark | BC18: =Sheet1!C281 -> 0 | BE18: 3051 | BF18: Green Gray - Dark | BH18: =Sheet1!C359 -> 0 | BJ18: 3828 | BK18: Hazelnut Brown | BM18: =Sheet1!C454 -> 0 | BO18: 780 | BP18: Topaz - Ultra Very Dark | BR18: =Sheet1!C223 -> 0 | BT18: 743 | BU18: Yellow - Medium | BW18: =Sheet1!C207 -> 0 | BY18: 3770 | BZ18: Tawny - Very Light | CB18: =Sheet1!C413 -> 0 | CD18: 3858 | CE18: Rosewood - Medium | CG18: =Sheet1!C484 -> 0 | CI18: 436 | CJ18: Tan | CL18: =Sheet1!C117 -> 0 | CN18: 3032 | CO18: Mocha Brown - Medium | CQ18: =Sheet1!C352 -> 0 | CS18: 762 | CT18: Pearl Gray - Very Light | CV18: =Sheet1!C216 -> 0 | CX18: 90 | CY18: Variegated - Yellow | DA18: =Sheet1!C752 -> 0 | DC18: E130 | DD18: Metallic - Gemstones | DF18: =Sheet1!C528 -> 0 | DH18: E677 | DI18: Metallic - White Gold | DK18: =Sheet1!C553 -> 0 | DM18: 4075 | DN18: Variations - Wheat Fields | DP18: =Sheet1!C598 -> 0 | DR18: 4220 | DS18: Variations - Lavender Fields | DU18: =Sheet1!C619 -> 0
B19: 304 | C19: Red - Medium | E19: =Sheet1!C70 -> 0 | G19: 962 | H19: Dusty Rose - Medium | J19: =Sheet1!C323 -> 0 | L19: 3806 | M19: Cyclamen Pink - Light | O19: =Sheet1!C432 -> 0 | Q19: 25 | R19: Lavender - Ultra Light | T19: =Sheet1!C29 -> 0 | V19: 3746 | W19: Blue Violet - Dark | Y19: =Sheet1!C401 -> 0 | AA19: 813 | AB19: Blue - Light | AD19: =Sheet1!C241 -> 0 | AF19: 336 | AG19: Blue | AI19: =Sheet1!C89 -> 0 | AK19: 3811 | AL19: Turquoise - Very Light | AN19: =Sheet1!C437 -> 0 | AP19: 564 | AQ19: Jade - Very Light | AS19: =Sheet1!C151 -> 0 | AU19: 367 | AV19: Pistachio Green - Dark | AX19: =Sheet1!C100 -> 0 | AZ19: 904 | BA19: Parrot Green - Very Dark | BC19: =Sheet1!C280 -> 0 | BE19: 524 | BF19: Fern Green - Very Light | BH19: =Sheet1!C141 -> 0 | BJ19: 420 | BK19: Hazelnut Brown - Dark | BM19: =Sheet1!C112 -> 0 | BO19: 3823 | BP19: Yellow - Ultra Pale | BR19: =Sheet1!C449 -> 0 | BT19: 742 | BU19: Tangerine - Light | BW19: =Sheet1!C206 -> 0 | BY19: 945 | BZ19: Tawny | CB19: =Sheet1!C310 -> 0 | CD19: 3857 | CE19: Rosewood - Dark | CG19: =Sheet1!C483 -> 0 | CI19: 435 | CJ19: Brown - Very Light | CL19: =Sheet1!C116 -> 0 | CN19: 3790 | CO19: Beige Gray - Ultra Dark | CQ19: =Sheet1!C425 -> 0 | CS19: 415 | CT19: Pearl Gray | CV19: =Sheet1!C111 -> 0 | CX19: 51 | CY19: Variegated - Burnt Orange | DA19: =Sheet1!C743 -> 0 | DC19: E3685 | DD19: Metallic - Rosewood | DF19: =Sheet1!C565 -> 0 | DH19: E3821 | DI19: Metallic - Light Gold | DK19: =Sheet1!C567 -> 0 | DM19: 4077 | DN19: Variations - Morning Sunshine | DP19: =Sheet1!C599 -> 0 | DR19: 4230 | DS19: Variations - Crystal Water | DU19: =Sheet1!C620 -> 0
B20: 3833 | C20: Raspberry - Light | E20: =Sheet1!C459 -> 0 | G20: 961 | H20: Dusty Rose - Dark | J20: =Sheet1!C322 -> 0 | L20: 3805 | M20: Cyclamen Pink | O20: =Sheet1!C431 -> 0 | Q20: 26 | R20: Lavender - Pale | T20: =Sheet1!C30 -> 0 | V20: 333 | W20: Blue Violet - Very Dark | Y20: =Sheet1!C86 -> 0 | AA20: 826 | AB20: Blue - Medium | AD20: =Sheet1!C253 -> 0 | AF20: 823 | AG20: Blue - Dark | AI20: =Sheet1!C250 -> 0 | AK20: 598 | AL20: Turquoise - Light | AN20: =Sheet1!C155 -> 0 | AP20: 563 | AQ20: Jade - Light | AS20: =Sheet1!C150 -> 0 | AU20: 319 | AV20: Pistachio Green - Very Dark | AX20: =Sheet1!C80 -> 0 | AZ20: 472 | BA20: Avocado Green - Ultra Light | BC20: =Sheet1!C127 -> 0 | BE20: 522 | BF20: Fern Green | BH20: =Sheet1!C139 -> 0 | BJ20: 869 | BK20: Hazelnut Brown - Very Dark | BM20: =Sheet1!C269 -> 0 | BO20: 3855 | BP20: Autumn Gold - Light | BR20: =Sheet1!C481 -> 0 | BT20: 741 | BU20: Tangerine - Medium | BW20: =Sheet1!C205 -> 0 | BY20: 402 | BZ20: Mahogany - Very Light | CB20: =Sheet1!C107 -> 0 | CD20: 20 | CE20: Shrimp | CG20: =Sheet1!C24 -> 0 | CI20: 434 | CJ20: Brown - Light | CL20: =Sheet1!C115 -> 0 | CN20: 3781 | CO20: Mocha Brown - Dark | CQ20: =Sheet1!C422 -> 0 | CS20: 318 | CT20: Steel Gray - Light | CV20: =Sheet1!C79 -> 0 | CX20: 106 | CY20: Variegated - Coral | DA20: =Sheet1!C764 -> 0 | DC20: E815 | DD20: Metallic - Dark Red Ruby | DF20: =Sheet1!C559 -> 0 | DH20: E3852 | DI20: Metallic - Dark Gold | DK20: =Sheet1!C571 -> 0 | DM20: 4080 | DN20: Variations - Daffodil Fields | DP20: =Sheet1!C600 -> 0 | DR20: 4235 | DS20: Variations - Arctic Sea | DU20: =Sheet1!C621 -> 0
B21: 3832 | C21: Raspberry - Medium | E21: =Sheet1!C458 -> 0 | G21: 309 | H21: Rose - Dark | J21: =Sheet1!C72 -> 0 | L21: 3804 | M21: Cyclamen Pink - Dark | O21: =Sheet1!C430 -> 0 | Q21: 211 | R21: Lavender - Light | T21: =Sheet1!C63 -> 0 | V21: 30 | W21: Blueberry - Medium Light | Y21: =Sheet1!C34 -> 0 | AA21: 825 | AB21: Blue - Dark | AD21: =Sheet1!C252 -> 0 | AF21: 939 | AG21: Blue - Very Dark | AI21: =Sheet1!C308 -> 0 | AK21: 597 | AL21: Turquoise | AN21: =Sheet1!C154 -> 0 | AP21: 562 | AQ21: Jade - Medium | AS21: =Sheet1!C149 -> 0 | AU21: 890 | AV21: Pistachio Green - Ultra Dark | AX21: =Sheet1!C270 -> 0 | AZ21: 471 | BA21: Avocado Green - Very Light | BC21: =Sheet1!C126 -> 0 | BE21: 520 | BF21: Fern Green - Dark | BH21: =Sheet1!C138 -> 0 | BJ21: 613 | BK21: Drab Brown - Very Light | BM21: =Sheet1!C167 -> 0 | BO21: 19 | BP21: Autumn Gold - Medium Light | BR21: =Sheet1!C23 -> 0 | BT21: 740 | BU21: Tangerine | BW21: =Sheet1!C204 -> 0 | BY21: 3776 | BZ21: Mahogany - Light | CB21: =Sheet1!C418 -> 0 | CD21: 21 | CE21: Alizarian - Light | CG21: =Sheet1!C25 -> 0 | CI21: 433 | CJ21: Brown - Medium | CL21: =Sheet1!C114 -> 0 | CN21: 5 | CO21: Driftwood - Light | CQ21: =Sheet1!C9 -> 0 | CS21: 414 | CT21: Steel Gray - Dark | CV21: =Sheet1!C110 -> 0 | CX21: 111 | CY21: Variegated - Mustard | DA21: =Sheet1!C767 -> 0 | DC21: E321 | DD21: Metallic - Red Ruby | DF21: =Sheet1!C549 -> 0 | DM21: 4090 | DN21: Variations - Golden Oasis | DP21: =Sheet1!C601 -> 0 | DR21: 4240 | DS21: Variations - Mid Summer Night | DU21: =Sheet1!C622 -> 0
B22: 3831 | C22: Raspberry - Dark | E22: =Sheet1!C457 -> 0 | G22: 819 | H22: Baby Pink - Light | J22: =Sheet1!C247 -> 0 | L22: 3609 | M22: Plum - Ultra Light | O22: =Sheet1!C382 -> 0 | Q22: 210 | R22: Lavender - Medium | T22: =Sheet1!C62 -> 0 | V22: 31 | W22: Blueberry | Y22: =Sheet1!C35 -> 0 | AA22: 824 | AB22: Blue - Very Dark | AD22: =Sheet1!C251 -> 0 | AF22: 3753 | AG22: Antique Blue - Ultra Very Light | AI22: =Sheet1!C405 -> 0 | AK22: 3810 | AL22: Turquoise - Dark | AN22: =Sheet1!C436 -> 0 | AP22: 505 | AQ22: Grass Green - Dark | AS22: =Sheet1!C134 -> 0 | AU22: 164 | AV22: Green - Light | AX22: =Sheet1!C54 -> 0 | AZ22: 470 | BA22: Avocado Green - Light | BC22: =Sheet1!C125 -> 0 | BE22: 734 | BF22: Olive Green - Light | BH22: =Sheet1!C201 -> 0 | BJ22: 612 | BK22: Drab Brown - Light | BM22: =Sheet1!C166 -> 0 | BO22: 3854 | BP22: Autumn Gold - Medium | BR22: =Sheet1!C478 -> 0 | BT22: 970 | BU22: Pumpkin - Light | BW22: =Sheet1!C328 -> 0 | BY22: 301 | BZ22: Mahogany - Medium | CB22: =Sheet1!C69 -> 0 | CD22: 22 | CE22: Alizarian | CG22: =Sheet1!C26 -> 0 | CI22: 801 | CJ22: Coffee Brown - Dark | CL22: =Sheet1!C236 -> 0 | CN22: 6 | CO22: Driftwood - Medium Light | CQ22: =Sheet1!C10 -> 0 | CS22: 1 | CT22: White Tin | CV22: =Sheet1!C5 -> 0 | CX22: 105 | CY22: Variegated - Tan/Brown | DA22: =Sheet1!C763 -> 0 | DC22: E301 | DD22: Metallic - Copper | DF22: =Sheet1!C545 -> 0 | DM22: 4100 | DN22: Variations - Summer Breeze | DP22: =Sheet1!C602 -> 0
B23: 777 | C23: Red - Deep | E23: =Sheet1!C220 -> 0 | G23: 3326 | H23: Rose - Light | J23: =Sheet1!C366 -> 0 | L23: 3608 | M23: Plum - Very Light | O23: =Sheet1!C381 -> 0 | Q23: 209 | R23: Lavender - Dark | T23: =Sheet1!C61 -> 0 | V23: 32 | W23: Blueberry - Dark | Y23: =Sheet1!C36 -> 0 | AA23: 996 | AB23: Electric Blue - Medium | AD23: =Sheet1!C343 -> 0 | AF23: 3752 | AG23: Antique Blue - Very Light | AI23: =Sheet1!C404 -> 0 | AK23: 3809 | AL23: Turquoise - Very Dark | AN23: =Sheet1!C435 -> 0 | AP23: 3817 | AQ23: Celadon Green - Light | AS23: =Sheet1!C443 -> 0 | AU23: 989 | AV23: Forest Green | AX23: =Sheet1!C338 -> 0 | AZ23: 469 | BA23: Avocado Green | BC23: =Sheet1!C124 -> 0 | BE23: 733 | BF23: Olive Green - Medium | BH23: =Sheet1!C200 -> 0 | BJ23: 611 | BK23: Drab Brown | BM23: =Sheet1!C165 -> 0 | BO23: 3853 | BP23: Autumn Gold - Dark | BR23: =Sheet1!C479 -> 0 | BT23: 947 | BU23: Burnt Orange | BW23: =Sheet1!C312 -> 0 | BY23: 400 | BZ23: Mahogany - Dark | CB23: =Sheet1!C106 -> 0 | CD23: 3774 | CE23: Desert Sand - Very Light | CG23: =Sheet1!C417 -> 0 | CI23: 898 | CJ23: Coffee Brown - Very Dark | CL23: =Sheet1!C276 -> 0 | CN23: 7 | CO23: Driftwood | CQ23: =Sheet1!C11 -> 0 | CS23: 2 | CT23: Tin | CV23: =Sheet1!C6 -> 0 | CX23: 69 | CY23: Variegated - Terra Cotta | DA23: =Sheet1!C750 -> 0 | DC23: E436 | DD23: Metallic - Golden Oak | DF23: =Sheet1!C552 -> 0 | DM23: 4110 | DN23: Variations - Sunrise | DP23: =Sheet1!C603 -> 0
B24: 3801 | C24: Melon - Very Dark | E24: =Sheet1!C427 -> 0 | G24: 899 | H24: Rose - Medium | J24: =Sheet1!C277 -> 0 | L24: 3607 | M24: Plum - Light | O24: =Sheet1!C380 -> 0 | Q24: 208 | R24: Lavender - Very Dark | T24: =Sheet1!C60 -> 0 | V24: 157 | W24: Blue - Light | Y24: =Sheet1!C47 -> 0 | AA24: 3843 | AB24: Electric Blue | AD24: =Sheet1!C469 -> 0 | AF24: 932 | AG24: Antique Blue - Light | AI24: =Sheet1!C302 -> 0 | AK24: 3808 | AL24: Turquoise - Ultra Very Dark | AN24: =Sheet1!C434 -> 0 | AP24: 3816 | AQ24: Celadon Green | AS24: =Sheet1!C442 -> 0 | AU24: 988 | AV24: Forest Green - Medium | AX24: =Sheet1!C337 -> 0 | AZ24: 937 | BA24: Avocado Green - Medium | BC24: =Sheet1!C306 -> 0 | BE24: 732 | BF24: Olive Green | BH24: =Sheet1!C199 -> 0 | BJ24: 610 | BK24: Drab Brown - Dark | BM24: =Sheet1!C164 -> 0 | BO24: 3827 | BP24: Golden Brown - Pale | BR24: =Sheet1!C453 -> 0 | BT24: 946 | BU24: Burnt Orange - Medium | BW24: =Sheet1!C311 -> 0 | BY24: 300 | BZ24: Mahogany - Very Dark | CB24: =Sheet1!C68 -> 0 | CD24: 950 | CE24: Desert Sand - Light | CG24: =Sheet1!C314 -> 0 | CI24: 938 | CJ24: Coffee Brown - Ultra Dark | CL24: =Sheet1!C307 -> 0 | CN24: 8 | CO24: Driftwood - Dark | CQ24: =Sheet1!C12 -> 0 | CS24: 3 | CT24: Tin - Medium | CV24: =Sheet1!C7 -> 0 | CX24: 53 | CY24: Variegated - Steel Grey | DA24: =Sheet1!C745 -> 0 | DC24: E898 | DD24: Metallic - Dark Oak | DF24: =Sheet1!C562 -> 0 | DM24: 4120 | DN24: Variations - Tropical Sunset | DP24: =Sheet1!C604 -> 0
B25: 666 | C25: Red - Bright | E25: =Sheet1!C176 -> 0 | G25: 335 | H25: Rose | J25: =Sheet1!C88 -> 0 | L25: 718 | M25: Plum | O25: =Sheet1!C187 -> 0 | Q25: 3837 | R25: Lavender - Ultra Dark | T25: =Sheet1!C463 -> 0 | V25: 794 | W25: Cornflower Blue - Light | Y25: =Sheet1!C230 -> 0 | AA25: 995 | AB25: Electric Blue - Dark | AD25: =Sheet1!C342 -> 0 | AF25: 931 | AG25: Antique Blue - Medium | AI25: =Sheet1!C301 -> 0 | AK25: 928 | AL25: Gray Green - Very Light | AN25: =Sheet1!C299 -> 0 | AP25: 163 | AQ25: Green | AS25: =Sheet1!C53 -> 0 | AU25: 987 | AV25: Forest Green - Dark | AX25: =Sheet1!C336 -> 0 | AZ25: 936 | BA25: Avocado Green - Very Dark | BC25: =Sheet1!C305 -> 0 | BE25: 730 | BF25: Olive Green - Very Dark | BH25: =Sheet1!C197 -> 0 | BJ25: 3047 | BK25: Yellow Beige - Light | BM25: =Sheet1!C358 -> 0 | BO25: 977 | BP25: Golden Brown - Light | BR25: =Sheet1!C334 -> 0 | BT25: 900 | BU25: Burnt Orange - Dark | BW25: =Sheet1!C278 -> 0 | BY25: 225 | BZ25: Shell Pink - Ultra Very Light | CB25: =Sheet1!C67 -> 0 | CD25: 3064 | CE25: Desert Sand | CG25: =Sheet1!C362 -> 0 | CI25: 3371 | CJ25: Black Brown | CL25: =Sheet1!C379 -> 0 | CN25: 3866 | CO25: Mocha Brown - Ultra Very Light | CQ25: =Sheet1!C492 -> 0 | CS25: 4 | CT25: Tin - Dark | CV25: =Sheet1!C8 -> 0 | DC25: E310 | DD25: Metallic - Ebony | DF25: =Sheet1!C546 -> 0 | DM25: 4124 | DN25: Variations - Bonfire | DP25: =Sheet1!C605 -> 0
B26: 321 | C26: Red | E26: =Sheet1!C82 -> 0 | G26: 326 | H26: Rose - Very Dark | J26: =Sheet1!C84 -> 0 | L26: 917 | M26: Plum - Medium | O26: =Sheet1!C290 -> 0 | Q26: 327 | R26: Violet | T26: =Sheet1!C85 -> 0 | V26: 793 | W26: Cornflower Blue - Medium | Y26: =Sheet1!C229 -> 0 | AA26: 3846 | AB26: Bright Turquoise - Light | AD26: =Sheet1!C472 -> 0 | AF26: 930 | AG26: Antique Blue - Dark | AI26: =Sheet1!C300 -> 0 | AK26: 927 | AL26: Gray Green - Light | AN26: =Sheet1!C298 -> 0 | AP26: 3815 | AQ26: Celadon Green - Dark | AS26: =Sheet1!C441 -> 0 | AU26: 986 | AV26: Forest Green - Very Dark | AX26: =Sheet1!C335 -> 0 | AZ26: 935 | BA26: Avocado Green - Dark | BC26: =Sheet1!C304 -> 0 | BE26: 3013 | BF26: Khaki Green - Light | BH26: =Sheet1!C346 -> 0 | BJ26: 3046 | BK26: Yellow Beige - Medium | BM26: =Sheet1!C357 -> 0 | BO26: 976 | BP26: Golden Brown - Medium | BR26: =Sheet1!C333 -> 0 | BT26: 967 | BU26: Peach - Light | BW26: =Sheet1!C327 -> 0 | BY26: 224 | BZ26: Shell Pink - Very Light | CB26: =Sheet1!C66 -> 0 | CD26: 407 | CE26: Desert Sand - Dark | CG26: =Sheet1!C108 -> 0 | CI26: 543 | CJ26: Beige Brown - Ultra Very Light | CL26: =Sheet1!C143 -> 0 | CN26: 842 | CO26: Beige Brown - Very Light | CQ26: =Sheet1!C266 -> 0 | CS26: 535 | CT26: Ash Gray - Very Light | CV26: =Sheet1!C142 -> 0 | DC26: E980 | DD26: Neon - Neon Yellow | DF26: =Sheet1!C573 -> 0 | DM26: 4126 | DN26: Variations - Desert Canyon | DP26: =Sheet1!C606 -> 0
B27: 498 | C27: Red - Dark | E27: =Sheet1!C128 -> 0 | G27: 151 | H27: Pink | J27: =Sheet1!C41 -> 0 | L27: 915 | M27: Plum - Dark | O27: =Sheet1!C289 -> 0 | Q27: 153 | R27: Lilac | T27: =Sheet1!C43 -> 0 | V27: 3807 | W27: Cornflower Blue | Y27: =Sheet1!C433 -> 0 | AA27: 3845 | AB27: Bright Turquoise - Medium | AD27: =Sheet1!C471 -> 0 | AF27: 3750 | AG27: Antique Blue - Very Dark | AI27: =Sheet1!C403 -> 0 | AK27: 926 | AL27: Gray Green - Medium | AN27: =Sheet1!C297 -> 0 | AP27: 561 | AQ27: Jade - Very Dark | AS27: =Sheet1!C148 -> 0 | AU27: 772 | AV27: Yellow Green - Very Light | AX27: =Sheet1!C217 -> 0 | AZ27: 934 | BA27: Avocado Green - BLACK | BC27: =Sheet1!C303 -> 0 | BE27: 3012 | BF27: Khaki Green - Medium | BH27: =Sheet1!C345 -> 0 | BJ27: 3045 | BK27: Yellow Beige - Dark | BM27: =Sheet1!C356 -> 0 | BO27: 3826 | BP27: Golden Brown | BR27: =Sheet1!C452 -> 0 | BT27: 3824 | BU27: Apricot - Light | BW27: =Sheet1!C450 -> 0 | BY27: 152 | BZ27: Tawny - Dark | CB27: =Sheet1!C42 -> 0 | CD27: 3772 | CE27: Desert Sand - Very Dark | CG27: =Sheet1!C415 -> 0 | CI27: 3864 | CJ27: Mocha Beige - Light | CL27: =Sheet1!C490 -> 0 | CN27: 841 | CO27: Beige Brown - Light | CQ27: =Sheet1!C265 -> 0 | CS27: 168 | CT27: Silver Gray | CV27: =Sheet1!C58 -> 0 | DC27: E990 | DD27: Neon - Neon Green | DF27: =Sheet1!C573 -> 0 | DM27: 4128 | DN27: Variations - Gold Coast | DP27: =Sheet1!C607 -> 0
B28: 816 | C28: Garnet | E28: =Sheet1!C244 -> 0 | G28: 3354 | H28: Dusty Rose - Light | J28: =Sheet1!C375 -> 0 | L28: 33 | M28: Fuchsia | O28: =Sheet1!C37 -> 0 | Q28: 554 | R28: Violet - Light | T28: =Sheet1!C147 -> 0 | V28: 792 | W28: Cornflower Blue - Dark | Y28: =Sheet1!C228 -> 0 | AA28: 3844 | AB28: Bright Turquoise - Dark | AD28: =Sheet1!C470 -> 0 | AH28: By Lord Libidan | AK28: 3768 | AL28: Gray Green - Dark | AN28: =Sheet1!C412 -> 0 | AP28: 3813 | AQ28: Blue Green - Light | AS28: =Sheet1!C439 -> 0 | AU28: 3348 | AV28: Yellow Green - Light | AX28: =Sheet1!C373 -> 0 | AZ28: 3364 | BA28: Pine Green | BC28: =Sheet1!C378 -> 0 | BE28: 3011 | BF28: Khaki Green - Dark | BH28: =Sheet1!C344 -> 0 | BJ28: 167 | BK28: Khaki Brown | BM28: =Sheet1!C57 -> 0 | BO28: 975 | BP28: Golden Brown - Dark | BR28: =Sheet1!C332 -> 0 | BT28: 3341 | BU28: Apricot | BW28: =Sheet1!C369 -> 0 | BY28: 223 | BZ28: Shell Pink - Light | CB28: =Sheet1!C65 -> 0 | CD28: 632 | CE28: Desert Sand - Ultra Very Dark | CG28: =Sheet1!C168 -> 0 | CI28: 3863 | CJ28: Mocha Beige - Medium | CL28: =Sheet1!C489 -> 0 | CN28: 840 | CO28: Beige Brown - Medium | CQ28: =Sheet1!C264 -> 0 | CS28: 169 | CT28: Pewter Gray | CV28: =Sheet1!C59 -> 0 | DC28: E940 | DD28: Glow-In-The-Dark | DF28: =Sheet1!C584 -> 0
B29: 815 | C29: Garnet - Medium | E29: =Sheet1!C243 -> 0 | G29: 3733 | H29: Dusty Rose | J29: =Sheet1!C398 -> 0 | L29: 34 | M29: Fuchsia - Dark | O29: =Sheet1!C38 -> 0 | Q29: 553 | R29: Violet | T29: =Sheet1!C146 -> 0 | V29: 158 | W29: Blue - Dark | Y29: =Sheet1!C48 -> 0 | AK29: 924 | AL29: Gray Green - Very Dark | AN29: =Sheet1!C296 -> 0 | AP29: 503 | AQ29: Blue Green - Medium | AS29: =Sheet1!C132 -> 0 | AU29: 3347 | AV29: Yellow Green - Medium | AX29: =Sheet1!C372 -> 0 | AZ29: 3363 | BA29: Pine Green - Medium | BC29: =Sheet1!C377 -> 0 | BE29: 372 | BF29: Mustard - Light | BH29: =Sheet1!C105 -> 0 | BT29: 3340 | BU29: Apricot - Medium | BW29: =Sheet1!C368 -> 0 | BY29: 3722 | BZ29: Shell Pink - Medium | CB29: =Sheet1!C394 -> 0 | CI29: 3862 | CJ29: Mocha Beige - Dark | CL29: =Sheet1!C488 -> 0 | CN29: 839 | CO29: Beige Brown - Dark | CQ29: =Sheet1!C263 -> 0 | CS29: 317 | CT29: Pewter Gray | CV29: =Sheet1!C78 -> 0
B30: 814 | C30: Garnet - Dark | E30: =Sheet1!C242 -> 0 | G30: 3731 | H30: Dusty Rose - Very Dark | J30: =Sheet1!C397 -> 0 | L30: 35 | M30: Fuchsia - Very Dark | O30: =Sheet1!C39 -> 0 | Q30: 552 | R30: Violet - Medium | T30: =Sheet1!C145 -> 0 | V30: 791 | W30: Cornflower Blue - Very Dark | Y30: =Sheet1!C227 -> 0 | AK30: 3849 | AL30: Teal Green - Light | AN30: =Sheet1!C475 -> 0 | AP30: 502 | AQ30: Blue Green | AS30: =Sheet1!C131 -> 0 | AU30: 3346 | AV30: Hunter Green | AX30: =Sheet1!C371 -> 0 | AZ30: 3362 | BA30: Pine Green - Dark | BC30: =Sheet1!C376 -> 0 | BE30: 371 | BF30: Mustard | BH30: =Sheet1!C104 -> 0 | BT30: 608 | BU30: Orange - Bright | BW30: =Sheet1!C163 -> 0 | BY30: 3721 | BZ30: Shell Pink - Dark | CB30: =Sheet1!C393 -> 0 | CI30: 3031 | CJ30: Mocha Brown - Very Dark | CL30: =Sheet1!C351 -> 0 | CN30: 838 | CO30: Beige Brown - Very Dark | CQ30: =Sheet1!C262 -> 0 | CS30: 413 | CT30: Pewter Gray - Dark | CV30: =Sheet1!C109 -> 0
G31: 3350 | H31: Dusty Rose - Ultra Dark | J31: =Sheet1!C374 -> 0 | Q31: 550 | R31: Violet - Very Dark | T31: =Sheet1!C144 -> 0 | AK31: 3848 | AL31: Teal Green - Medium | AN31: =Sheet1!C474 -> 0 | AP31: 501 | AQ31: Blue Green - Dark | AS31: =Sheet1!C130 -> 0 | AU31: 3345 | AV31: Hunter Green - Dark | AX31: =Sheet1!C370 -> 0 | BE31: 370 | BF31: Mustard - Medium | BH31: =Sheet1!C103 -> 0 | BT31: 606 | BU31: Orange-red - Bright | BW31: =Sheet1!C162 -> 0 | BY31: 221 | BZ31: Shell Pink - Very Dark | CB31: =Sheet1!C64 -> 0 | CS31: 3799 | CT31: Pewter Gray - Very Dark | CV31: =Sheet1!C426 -> 0
G32: 150 | H32: Red - Bright | J32: =Sheet1!C40 -> 0 | L32: Updated January 2025 | AK32: 3847 | AL32: Teal Green - Dark | AN32: =Sheet1!C473 -> 0 | AP32: 500 | AQ32: Blue Green - Very Dark | AS32: =Sheet1!C129 -> 0 | AU32: 895 | AV32: Hunter Green - Very Dark | AX32: =Sheet1!C275 -> 0 | CS32: 310 | CT32: Black | CV32: =Sheet1!C73 -> 0
CS33: ^ Depending on your country you may find either/both.
B34: This list does not include:
B35: Discontinued Threads
B36: Threads Not On The International Color Card
B37: Coloris Threads
B38: Étoile Threads
B39: Satin Threads
B40: Fluorescent Threads

Sheet Column Look Up
F1: By Lord Libidan
B2: Number | C2: Name | D2: Column | F2: Number | G2: Name | H2: Column | J2: Number | K2: Name | L2: Column | N2: Number | O2: Name | P2: Column | R2: Number | S2: Name | T2: Column | V2: Number | W2: Name | X2: Column | Z2: Number | AA2: Name | AB2: Column | AD2: Number | AE2: Name | AF2: Column
B3: E5200 | C3: Metallic - White | D3: 23 | F3: 163 | G3: Green | H3: 9 | J3: 436 | K3: Tan | L3: 18 | N3: 712 | O3: Cream | P3: 18 | R3: 827 | S3: Blue - Very Light | T3: 6 | V3: 966 | W3: Baby Green - Medium | X3: 9 | Z3: 3722 | AA3: Shell Pink - Medium | AB3: 16 | AD3: 3838 | AE3: Lavender Blue - Dark | AF3: 6
B4: Ecru | C4: Ecru/off-white | D4: 19 | F4: 164 | G4: Green - Light | H4: 10 | J4: E436 | K4: Metallic - Golden Oak | L4: 22 | N4: 718 | O4: Plum | P4: 3 | R4: 828 | S4: Blue - Ultra Very Light | T4: 8 | V4: E966 | W4: Metallic - Lime | X4: 23 | Z4: 3726 | AA4: Antique Mauve - Dark | AB4: 4 | AD4: 3839 | AE4: Lavender Blue - Medium | AF4: 6
B5: Blanc^ | C5: White | D5: 20 | F5: 165 | G5: Green - Bright | H5: 12 | J5: 437 | K5: Tan - Light | L5: 18 | N5: E718 | O5: Metallic - Pink Garnet | P5: 22 | R5: 829 | S5: Golden Olive - Very Dark | T5: 13 | V5: 967 | W5: Peach - Light | X5: 15 | Z5: 3727 | AA5: Antique Mauve - Light | AB5: 4 | AD5: 3840 | AE5: Lavender Blue - Light | AF5: 6
B6: White^ | C6: White | D6: 20 | F6: 166 | G6: Lime Green | H6: 12 | J6: 444 | K6: Lemon - Dark | L6: 15 | N6: 720 | O6: Orange Spice - Dark | P6: 16 | R6: 830 | S6: Golden Olive - Dark | T6: 13 | V6: E967 | W6: Metallic - Soft Peach | X6: 23 | Z6: 3731 | AA6: Dusty Rose - Very Dark | AB6: 2 | AD6: 3841 | AE6: Baby Blue - Pale | AF6: 7
B7: B5200 | C7: Snow White | D7: 20 | F7: 167 | G7: Khaki Brown | H7: 13 | J7: 445 | K7: Lemon - Light | L7: 15 | N7: 721 | O7: Orange Spice - Medium | P7: 16 | R7: 831 | S7: Golden Olive - Medium | T7: 13 | V7: 970 | W7: Pumpkin - Light | X7: 15 | Z7: 3733 | AA7: Dusty Rose | AB7: 2 | AD7: 3842 | AE7: Wedgewood - Dark | AF7: 8
B8: 1 | C8: White Tin | D8: 20 | F8: 168 | G8: Silver Gray | H8: 20 | J8: 451 | K8: Shell Gray - Dark | L8: 18 | N8: 722 | O8: Orange Spice - Light | P8: 16 | R8: 832 | S8: Golden Olive | T8: 13 | V8: 972 | W8: Canary - Deep | X8: 15 | Z8: 3740 | AA8: Antique Violet - Dark | AB8: 5 | AD8: 3843 | AE8: Electric Blue | AF8: 6
B9: 2 | C9: Tin | D9: 20 | F9: E168 | G9: Metallic - Silver | H9: 23 | J9: 452 | K9: Shell Gray - Medium | L9: 18 | N9: 725 | O9: Topaz | P9: 15 | R9: 833 | S9: Golden Olive - Light | T9: 13 | V9: 973 | W9: Canary - Bright | X9: 15 | Z9: 3743 | AA9: Antique Violet - Very Light | AB9: 5 | AD9: E3843 | AE9: Metallic - Light Blue Sapphire | AF9: 22
B10: 3 | C10: Tin - Medium | D10: 20 | F10: 169 | G10: Pewter Gray | H10: 20 | J10: 453 | K10: Shell Gray - Light | L10: 18 | N10: 726 | O10: Topaz - Light | P10: 15 | R10: 834 | S10: Golden Olive - Very Light | T10: 13 | V10: 975 | W10: Golden Brown - Dark | X10: 14 | Z10: 3746 | AA10: Blue Violet - Dark | AB10: 5 | AD10: 3844 | AE10: Bright Turquoise - Dark | AF10: 6
B11: 4 | C11: Tin - Dark | D11: 20 | F11: 208 | G11: Lavender - Very Dark | H11: 4 | J11: 469 | K11: Avocado Green | L11: 11 | N11: 727 | O11: Topaz - Very Light | P11: 15 | R11: 838 | S11: Beige Brown - Very Dark | T11: 19 | V11: 976 | W11: Golden Brown - Medium | X11: 14 | Z11: 3747 | AA11: Blue Violet - Very Light | AB11: 5 | AD11: 3845 | AE11: Bright Turquoise - Medium | AF11: 6
B12: 5 | C12: Driftwood - Light | D12: 19 | F12: 209 | G12: Lavender - Dark | H12: 4 | J12: 470 | K12: Avocado Green - Light | L12: 11 | N12: 728 | O12: Golden Yellow | P12: 14 | R12: 839 | S12: Beige Brown - Dark | T12: 19 | V12: 977 | W12: Golden Brown - Light | X12: 14 | Z12: E3747 | AA12: Metallic - Sky Blue | AB12: 23 | AD12: 3846 | AE12: Bright Turquoise - Light | AF12: 6
B13: 6 | C13: Driftwood - Medium Light | D13: 19 | F13: 210 | G13: Lavender - Medium | H13: 4 | J13: 471 | K13: Avocado Green - Very Light | L13: 11 | N13: 729 | O13: Old Gold - Medium | P13: 14 | R13: 840 | S13: Beige Brown - Medium | T13: 19 | V13: E980 | W13: Neon - Neon Yellow | X13: 22 | Z13: 3750 | AA13: Antique Blue - Very Dark | AB13: 7 | AD13: 3847 | AE13: Teal Green - Dark | AF13: 8
B14: 7 | C14: Driftwood | D14: 19 | F14: 211 | G14: Lavender - Light | H14: 4 | J14: 472 | K14: Avocado Green - Ultra Light | L14: 11 | N14: 730 | O14: Olive Green - Very Dark | P14: 12 | R14: 841 | S14: Beige Brown - Light | T14: 19 | V14: 986 | W14: Forest Green - Very Dark | X14: 10 | Z14: 3752 | AA14: Antique Blue - Very Light | AB14: 7 | AD14: 3848 | AE14: Teal Green - Medium | AF14: 8
B15: 8 | C15: Driftwood - Dark | D15: 19 | F15: E211 | G15: Metallic - Lilac | H15: 23 | J15: 498 | K15: Red - Dark | L15: 1 | N15: 732 | O15: Olive Green | P15: 12 | R15: 842 | S15: Beige Brown - Very Light | T15: 19 | V15: 987 | W15: Forest Green - Dark | X15: 10 | Z15: 3753 | AA15: Antique Blue - Ultra Very Light | AB15: 7 | AD15: 3849 | AE15: Teal Green - Light | AF15: 8
B16: 9 | C16: Cocoa - Very Dark | D16: 18 | F16: 221 | G16: Shell Pink - Very Dark | H16: 16 | J16: 500 | K16: Blue Green - Very Dark | L16: 9 | N16: 733 | O16: Olive Green - Medium | P16: 12 | R16: 844 | S16: Beaver Gray - Ultra Dark | T16: 19 | V16: 988 | W16: Forest Green - Medium | X16: 10 | Z16: 3755 | AA16: Baby Blue | AB16: 7 | AD16: E3849 | AE16: Metallic - Aquamarine Blue | AF16: 22
B17: 10 | C17: Tender Green - Very Light | D17: 12 | F17: 223 | G17: Shell Pink - Light | H17: 16 | J17: 501 | K17: Blue Green - Dark | L17: 9 | N17: 734 | O17: Olive Green - Light | P17: 12 | R17: 869 | S17: Hazelnut Brown - Very Dark | T17: 13 | V17: 989 | W17: Forest Green | X17: 10 | Z17: 3756 | AA17: Baby Blue - Light | AB17: 7 | AD17: 3850 | AE17: Bright Green - Dark | AF17: 9
B18: 11 | C18: Tender Green - Light | D18: 12 | F18: 224 | G18: Shell Pink - Very Light | H18: 16 | J18: 502 | K18: Blue Green | L18: 9 | N18: 738 | O18: Tan - Very Light | P18: 18 | R18: 890 | S18: Pistachio Green - Ultra Dark | T18: 10 | V18: E990 | W18: Neon - Neon Green | X18: 22 | Z18: 3760 | AA18: Wedgewood - Medium | AB18: 8 | AD18: 3851 | AE18: Bright Green - Light | AF18: 9
B19: 12 | C19: Tender Green | D19: 12 | F19: 225 | G19: Shell Pink - Ultra Very Light | H19: 16 | J19: 503 | K19: Blue Green - Medium | L19: 9 | N19: 739 | O19: Tan - Ultra Very Light | P19: 18 | R19: 891 | S19: Carnation - Dark | T19: 2 | V19: 991 | W19: Aquamarine - Dark | X19: 9 | Z19: 3761 | AA19: Sky Blue - Light | AB19: 8 | AD19: 3852 | AE19: Straw - Very Dark | AF19: 14
B20: 13 | C20: Nile Green - Medium Light | D20: 10 | F20: 300 | G20: Mahogany - Very Dark | H20: 16 | J20: 505 | K20: Grass Green - Dark | L20: 9 | N20: 740 | O20: Tangerine | P20: 15 | R20: 892 | S20: Carnation - Medium | T20: 2 | V20: 992 | W20: Aquamarine - Light | X20: 9 | Z20: 3765 | AA20: Peacock Blue - Very Dark | AB20: 8 | AD20: E3852 | AE20: Metallic - Dark Gold | AF20: 23
B21: 14 | C21: Apple Green - Pale | D21: 11 | F21: 301 | G21: Mahogany - Medium | H21: 16 | J21: 517 | K21: Wedgewood - Dark | L21: 8 | N21: 741 | O21: Tangerine - Medium | P21: 15 | R21: 893 | S21: Carnation - Light | T21: 2 | V21: 993 | W21: Aquamarine - Very Light | X21: 9 | Z21: 3766 | AA21: Peacock Blue - Light | AB21: 8 | AD21: 3853 | AE21: Autumn Gold - Dark | AF21: 14
B22: 15 | C22: Apple Green | D22: 11 | F22: E301 | G22: Metallic - Copper | H22: 22 | J22: 518 | K22: Wedgewood - Light | L22: 8 | N22: 742 | O22: Tangerine - Light | P22: 15 | R22: 894 | S22: Carnation - Very Light | T22: 2 | V22: 995 | W22: Electric Blue - Dark | X22: 6 | Z22: 3768 | AA22: Gray Green - Dark | AB22: 8 | AD22: 3854 | AE22: Autumn Gold - Medium | AF22: 14
B23: 16 | C23: Chartreuse - Light | D23: 11 | F23: 304 | G23: Red - Medium | H23: 1 | J23: 519 | K23: Sky Blue | L23: 8 | N23: 743 | O23: Yellow - Medium | P23: 15 | R23: 895 | S23: Hunter Green - Very Dark | T23: 10 | V23: 996 | W23: Electric Blue - Medium | X23: 6 | Z23: 3770 | AA23: Tawny - Very Light | AB23: 16 | AD23: 3855 | AE23: Autumn Gold - Light | AF23: 14
B24: 17 | C24: Yellow Plum - Light | D24: 13 | F24: 307 | G24: Lemon | H24: 15 | J24: 520 | K24: Fern Green - Dark | L24: 12 | N24: 744 | O24: Yellow - Pale | P24: 15 | R24: 898 | S24: Coffee Brown - Very Dark | T24: 18 | V24: 3011 | W24: Khaki Green - Dark | X24: 12 | Z24: 3771 | AA24: Peach - Dark | AB24: 17 | AD24: 3856 | AE24: Mahogany - Ultra Very Light | AF24: 16
B25: 18 | C25: Yellow Plum | D25: 13 | F25: 309 | G25: Rose - Dark | H25: 2 | J25: 522 | K25: Fern Green | L25: 12 | N25: 745 | O25: Yellow - Light Pale | P25: 15 | R25: E898 | S25: Metallic - Dark Oak | T25: 22 | V25: 3012 | W25: Khaki Green - Medium | X25: 12 | Z25: 3772 | AA25: Desert Sand - Very Dark | AB25: 17 | AD25: 3857 | AE25: Rosewood - Dark | AF25: 17
B26: 19 | C26: Autumn Gold - Medium Light | D26: 14 | F26: 310 | G26: Black | H26: 20 | J26: 523 | K26: Fern Green - Light | L26: 12 | N26: 746 | O26: Off White | P26: 13 | R26: 899 | S26: Rose - Medium | T26: 2 | V26: 3013 | W26: Khaki Green - Light | X26: 12 | Z26: 3774 | AA26: Desert Sand - Very Light | AB26: 17 | AD26: 3858 | AE26: Rosewood - Medium | AF26: 17
B27: 20 | C27: Shrimp | D27: 17 | F27: E310 | G27: Metallic - Ebony | H27: 22 | J27: 524 | K27: Fern Green - Very Light | L27: 12 | N27: E746 | O27: Metallic - Cream | P27: 23 | R27: 900 | S27: Burnt Orange - Dark | T27: 15 | V27: 3021 | W27: Brown Gray - Very Dark | X27: 19 | Z27: 3776 | AA27: Mahogany - Light | AB27: 16 | AD27: 3859 | AE27: Rosewood - Light | AF27: 17
B28: 21 | C28: Alizarian - Light | D28: 17 | F28: 311 | G28: Blue - Medium | H28: 8 | J28: 535 | K28: Ash Gray - Very Light | L28: 20 | N28: 747 | O28: Sky Blue - Very Light | P28: 8 | R28: 902 | S28: Garnet - Very Dark | T28: 4 | V28: 3022 | W28: Brown Gray - Medium | X28: 20 | Z28: 3777 | AA28: Terra Cotta - Very Dark | AB28: 17 | AD28: 3860 | AE28: Cocoa | AF28: 18
B29: 22 | C29: Alizarian | D29: 17 | F29: 312 | G29: Baby Blue - Very Dark | H29: 7 | J29: 543 | K29: Beige Brown - Ultra Very Light | L29: 18 | N29: E747 | O29: Metallic - Baby Blue | P29: 23 | R29: 904 | S29: Parrot Green - Very Dark | T29: 11 | V29: 3023 | W29: Brown Gray - Light | X29: 20 | Z29: 3778 | AA29: Terra Cotta - Light | AB29: 17 | AD29: 3861 | AE29: Cocoa - Light | AF29: 18
B30: 23 | C30: Apple Blossom | D30: 3 | F30: 315 | G30: Antique Mauve - Medium Dark | H30: 4 | J30: 550 | K30: Violet - Very Dark | L30: 4 | N30: 754 | O30: Peach - Light | P30: 17 | R30: 905 | S30: Parrot Green - Dark | T30: 11 | V30: 3024 | W30: Brown Gray - Very Light | X30: 20 | Z30: 3779 | AA30: Terra Cotta - Ultra Very Light | AB30: 17 | AD30: 3862 | AE30: Mocha Beige - Dark | AF30: 18
B31: 24 | C31: White Lavender | D31: 4 | F31: 316 | G31: Antique Mauve - Medium | H31: 4 | J31: 552 | K31: Violet - Medium | L31: 4 | N31: 758 | O31: Terra Cotta - Very Light | P31: 17 | R31: 906 | S31: Parrot Green - Medium | T31: 11 | V31: 3031 | W31: Mocha Brown - Very Dark | X31: 18 | Z31: 3781 | AA31: Mocha Brown - Dark | AB31: 19 | AD31: 3863 | AE31: Mocha Beige - Medium | AF31: 18
B32: 25 | C32: Lavender - Ultra Light | D32: 4 | F32: E316 | G32: Metallic - Pink Amethyst | H32: 22 | J32: 553 | K32: Violet | L32: 4 | N32: 760 | O32: Salmon | P32: 1 | R32: 907 | S32: Parrot Green - Light | T32: 11 | V32: 3032 | W32: Mocha Brown - Medium | X32: 19 | Z32: 3782 | AA32: Mocha Brown - Light | AB32: 19 | AD32: 3864 | AE32: Mocha Beige - Light | AF32: 18
B33: 26 | C33: Lavender - Pale | D33: 4 | F33: 317 | G33: Pewter Gray | H33: 20 | J33: 554 | K33: Violet - Light | L33: 4 | N33: 761 | O33: Salmon - Light | P33: 1 | R33: 909 | S33: Emerald Green - Very Dark | T33: 10 | V33: 3033 | W33: Mocha Brown - Very Light | X33: 19 | Z33: 3787 | AA33: Brown Gray - Dark | AB33: 19 | AD33: 3865 | AE33: Winter White | AF33: 19
B34: 27 | C34: White Violet | D34: 5 | F34: E317 | G34: Metallic - Titanium | H34: 23 | J34: 561 | K34: Jade - Very Dark | L34: 9 | N34: 762 | O34: Pearl Gray - Very Light | P34: 20 | R34: 910 | S34: Emerald Green - Dark | T34: 10 | V34: 3041 | W34: Antique Violet - Medium | X34: 5 | Z34: 3790 | AA34: Beige Gray - Ultra Dark | AB34: 19 | AD34: 3866 | AE34: Mocha Brown - Ultra Very Light | AF34: 19
B35: 28 | C35: Eggplant - Medium Light | D35: 5 | F35: 318 | G35: Steel Gray - Light | H35: 20 | J35: 562 | K35: Jade - Medium | L35: 9 | N35: 772 | O35: Yellow Green - Very Light | P35: 10 | R35: 911 | S35: Emerald Green - Medium | T35: 10 | V35: 3042 | W35: Antique Violet - Light | X35: 5 | Z35: 3799 | AA35: Pewter Gray - Very Dark | AB35: 20 | AD35: 4010 | AE35: Variations - Winter Sky | AF35: 24
B36: 29 | C36: Eggplant | D36: 5 | F36: 319 | G36: Pistachio Green - Very Dark | H36: 10 | J36: 563 | K36: Jade - Light | L36: 9 | N36: 775 | O36: Baby Blue - Very Light | P36: 7 | R36: 912 | S36: Emerald Green - Light | T36: 10 | V36: 3045 | W36: Yellow Beige - Dark | X36: 13 | Z36: 3801 | AA36: Melon - Very Dark | AB36: 1 | AD36: 4015 | AE36: Variations - Stormy Skies | AF36: 24
B37: 30 | C37: Blueberry - Medium Light | D37: 5 | F37: 320 | G37: Pistachio Green - Medium | H37: 10 | J37: 564 | K37: Jade - Very Light | L37: 9 | N37: 777 | O37: Red - Deep | P37: 1 | R37: 913 | S37: Nile Green - Medium | T37: 10 | V37: 3046 | W37: Yellow Beige - Medium | X37: 13 | Z37: 3802 | AA37: Antique Mauve - Very Dark | AB37: 4 | AD37: 4020 | AE37: Variations - Tropical Waters | AF37: 24
B38: 31 | C38: Blueberry | D38: 5 | F38: 321 | G38: Red | H38: 1 | J38: 580 | K38: Moss Green - Dark | L38: 12 | N38: 778 | O38: Antique Mauve - Very Light | P38: 4 | R38: 915 | S38: Plum - Dark | T38: 3 | V38: 3047 | W38: Yellow Beige - Light | X38: 13 | Z38: 3803 | AA38: Mauve - Dark | AB38: 3 | AD38: 4025 | AE38: Variations - Caribbean Bay | AF38: 24
B39: 32 | C39: Blueberry - Dark | D39: 5 | F39: E321 | G39: Metallic - Red Ruby | H39: 22 | J39: 581 | K39: Moss Green | L39: 12 | N39: 779 | O39: Brown | P39: 18 | R39: 917 | S39: Plum - Medium | T39: 3 | V39: 3051 | W39: Green Gray - Dark | X39: 12 | Z39: 3804 | AA39: Cyclamen Pink - Dark | AB39: 33 | AD39: 4030 | AE39: Variations - Monet's Garden | AF39: 24
B40: 33 | C40: Fuchsia | D40: 3 | F40: 322 | G40: Baby Blue | H40: 7 | J40: 597 | K40: Turquoise | L40: 8 | N40: 780 | O40: Topaz - Ultra Very Dark | P40: 14 | R40: 918 | S40: Red Copper - Dark | T40: 16 | V40: 3052 | W40: Green Gray - Medium | X40: 12 | Z40: 3805 | AA40: Cyclamen Pink | AB40: 3 | AD40: 4040 | AE40: Variations - Water Lillies | AF40: 24
B41: 34 | C41: Fuchsia - Dark | D41: 3 | F41: 326 | G41: Rose - Very Dark | H41: 2 | J41: 598 | K41: Turquoise - Light | L41: 8 | N41: 782 | O41: Topaz - Dark | P41: 14 | R41: 919 | S41: Red Copper | T41: 16 | V41: 3053 | W41: Green Gray | X41: 12 | Z41: 3806 | AA41: Cyclamen Pink - Light | AB41: 3 | AD41: 4045 | AE41: Variations - Evergreen Forest | AF41: 24
B42: 35 | C42: Fuchsia - Very Dark | D42: 3 | F42: 327 | G42: Violet | H42: 4 | J42: 600 | K42: Cranberry - Very Dark | L42: 3 | N42: 783 | O42: Topaz - Medium | P42: 14 | R42: 920 | S42: Copper - Medium | T42: 16 | V42: 3064 | W42: Desert Sand | X42: 17 | Z42: 3807 | AA42: Cornflower Blue | AB42: 5 | AD42: 4050 | AE42: Variations - Roaming Pastures | AF42: 24
B43: 48 | C43: Variegated - Baby Pink | D43: 21 | F43: 333 | G43: Blue Violet - Very Dark | H43: 5 | J43: 601 | K43: Cranberry - Dark | L43: 3 | N43: 791 | O43: Cornflower Blue - Very Dark | P43: 5 | R43: 921 | S43: Copper | T43: 16 | V43: 3072 | W43: Beaver Gray - Very Light | X43: 20 | Z43: 3808 | AA43: Turquoise - Ultra Very Dark | AB43: 8 | AD43: 4060 | AE43: Variations - Weeping Willow | AF43: 24
B44: 51 | C44: Variegated - Burnt Orange | D44: 21 | F44: 334 | G44: Baby Blue - Medium | H44: 7 | J44: 602 | K44: Cranberry - Medium | L44: 3 | N44: 792 | O44: Cornflower Blue - Dark | P44: 5 | R44: 922 | S44: Copper - Light | T44: 16 | V44: 3078 | W44: Golden Yellow - Very Light | X44: 15 | Z44: 3809 | AA44: Turquoise - Very Dark | AB44: 8 | AD44: 4065 | AE44: Variations - Morning Meadow | AF44: 24
B45: 52 | C45: Variegated - Violet | D45: 21 | F45: E334 | G45: Metallic - Blue Topaz | H45: 22 | J45: 603 | K45: Cranberry - Light Medium | L45: 3 | N45: 793 | O45: Cornflower Blue - Medium | P45: 5 | R45: 924 | S45: Gray Green - Very Dark | T45: 8 | V45: 3325 | W45: Baby Blue - Light | X45: 7 | Z45: 3810 | AA45: Turquoise - Dark | AB45: 8 | AD45: 4070 | AE45: Variations - Autumn Leaves | AF45: 24
B46: 53 | C46: Variegated - Steel Grey | D46: 21 | F46: 335 | G46: Rose | H46: 2 | J46: 604 | K46: Cranberry - Light | L46: 3 | N46: 794 | O46: Cornflower Blue - Light | P46: 5 | R46: 926 | S46: Gray Green - Medium | T46: 8 | V46: 3326 | W46: Rose - Light | X46: 2 | Z46: 3811 | AA46: Turquoise - Very Light | AB46: 8 | AD46: 4075 | AE46: Variations - Wheat Fields | AF46: 24
B47: 67 | C47: Variegated - Baby Blue | D47: 21 | F47: 336 | G47: Blue | H47: 7 | J47: 605 | K47: Cranberry - Very Light | L47: 3 | N47: 796 | O47: Royal Blue - Dark | P47: 6 | R47: 927 | S47: Gray Green - Light | T47: 8 | V47: 3328 | W47: Salmon - Dark | X47: 1 | Z47: 3812 | AA47: Seagreen - Very Dark | AB47: 9 | AD47: 4077 | AE47: Variations - Morning Sunshine | AF47: 24
B48: 69 | C48: Variegated - Terra Cotta | D48: 21 | F48: 340 | G48: Blue Violet - Medium | H48: 5 | J48: 606 | K48: Orange-red - Bright | L48: 15 | N48: 797 | O48: Royal Blue | P48: 6 | R48: 928 | S48: Gray Green - Very Light | T48: 8 | V48: 3340 | W48: Apricot - Medium | X48: 15 | Z48: 3813 | AA48: Blue Green - Light | AB48: 9 | AD48: 4080 | AE48: Variations - Daffodil Fields | AF48: 24
B49: 90 | C49: Variegated - Yellow | D49: 21 | F49: 341 | G49: Blue Violet - Light | H49: 5 | J49: 608 | K49: Orange - Bright | L49: 15 | N49: 798 | O49: Delft Blue - Dark | P49: 6 | R49: 930 | S49: Antique Blue - Dark | T49: 7 | V49: 3341 | W49: Apricot | X49: 15 | Z49: 3814 | AA49: Aquamarine | AB49: 9 | AD49: 4090 | AE49: Variations - Golden Oasis | AF49: 24
B50: 92 | C50: Variegated - Avocado | D50: 21 | F50: 347 | G50: Salmon - Very Dark | H50: 1 | J50: 610 | K50: Drab Brown - Dark | L50: 13 | N50: 799 | O50: Delft Blue - Medium | P50: 6 | R50: 931 | S50: Antique Blue - Medium | T50: 7 | V50: 3345 | W50: Hunter Green - Dark | X50: 10 | Z50: 3815 | AA50: Celadon Green - Dark | AB50: 9 | AD50: 4100 | AE50: Variations - Summer Breeze | AF50: 24
B51: 93 | C51: Variegated - Blue Haze | D51: 21 | F51: 349 | G51: Coral - Dark | H51: 1 | J51: 611 | K51: Drab Brown | L51: 13 | N51: 800 | O51: Delft Blue - Pale | P51: 6 | R51: 932 | S51: Antique Blue - Light | T51: 7 | V51: 3346 | W51: Hunter Green | X51: 10 | Z51: 3816 | AA51: Celadon Green | AB51: 9 | AD51: 4110 | AE51: Variations - Sunrise | AF51: 24
B52: 94 | C52: Variegated - Khaki Green | D52: 21 | F52: 350 | G52: Coral - Medium | H52: 1 | J52: 612 | K52: Drab Brown - Light | L52: 13 | N52: 801 | O52: Coffee Brown - Dark | P52: 18 | R52: 934 | S52: Avocado Green - BLACK | T52: 11 | V52: 3347 | W52: Yellow Green - Medium | X52: 10 | Z52: 3817 | AA52: Celadon Green - Light | AB52: 9 | AD52: 4120 | AE52: Variations - Tropical Sunset | AF52: 24
B53: 99 | C53: Variegated - Mauve | D53: 21 | F53: 351 | G53: Coral | H53: 1 | J53: 613 | K53: Drab Brown - Very Light | L53: 13 | N53: 803 | O53: Blue - Deep | P53: 7 | R53: 935 | S53: Avocado Green - Dark | T53: 11 | V53: 3348 | W53: Yellow Green - Light | X53: 10 | Z53: 3818 | AA53: Emerald Green - Ultra Very Dark | AB53: 10 | AD53: 4124 | AE53: Variations - Bonfire | AF53: 24
B54: 105 | C54: Variegated - Tan/Brown | D54: 21 | F54: 352 | G54: Coral - Light | H54: 1 | J54: 632 | K54: Desert Sand - Ultra Very Dark | L54: 17 | N54: 807 | O54: Peacock Blue | P54: 8 | R54: 936 | S54: Avocado Green - Very Dark | T54: 11 | V54: 3350 | W54: Dusty Rose - Ultra Dark | X54: 2 | Z54: 3819 | AA54: Moss Green - Light | AB54: 12 | AD54: 4126 | AE54: Variations - Desert Canyon | AF54: 24
B55: 106 | C55: Variegated - Coral | D55: 21 | F55: 353 | G55: Peach | H55: 1 | J55: 640 | K55: Beige Gray - Very Dark | L55: 19 | N55: 809 | O55: Delft Blue | P55: 6 | R55: 937 | S55: Avocado Green - Medium | T55: 11 | V55: 3354 | W55: Dusty Rose - Light | X55: 2 | Z55: 3820 | AA55: Straw - Dark | AB55: 14 | AD55: 4128 | AE55: Variations - Gold Coast | AF55: 24
B56: 107 | C56: Variegated - Carnation | D56: 21 | F56: 355 | G56: Terra Cotta - Dark | H56: 17 | J56: 642 | K56: Beige Gray - Dark | L56: 19 | N56: 813 | O56: Blue - Light | P56: 6 | R56: 938 | S56: Coffee Brown - Ultra Dark | T56: 18 | V56: 3362 | W56: Pine Green - Dark | X56: 11 | Z56: 3821 | AA56: Straw | AB56: 14 | AD56: 4130 | AE56: Variations - Chilean Sunset | AF56: 25
B57: 111 | C57: Variegated - Mustard | D57: 21 | F57: 356 | G57: Terra Cotta - Medium | H57: 17 | J57: 644 | K57: Beige Gray - Medium | L57: 19 | N57: 814 | O57: Garnet - Dark | P57: 1 | R57: 939 | S57: Blue - Very Dark | T57: 7 | V57: 3363 | W57: Pine Green - Medium | X57: 11 | Z57: E3821 | AA57: Metallic - Light Gold | AB57: 23 | AD57: 4140 | AE57: Variations - Driftwood | AF57: 25
B58: 115 | C58: Variegated - Garnet | D58: 21 | F58: 367 | G58: Pistachio Green - Dark | H58: 10 | J58: 645 | K58: Beaver Gray - Very Dark | L58: 20 | N58: 815 | O58: Garnet - Medium | P58: 1 | R58: E940 | S58: Glow-In-The-Dark | T58: 22 | V58: 3364 | W58: Pine Green | X58: 11 | Z58: 3822 | AA58: Straw - Light | AB58: 14 | AD58: 4145 | AE58: Variations - Sandune | AF58: 25
B59: 121 | C59: Discontinued Variegated - Delft Blue | D59: 21 | F59: 368 | G59: Pistachio Green - Light | H59: 10 | J59: 646 | K59: Beaver Gray - Dark | L59: 20 | N59: E815 | O59: Metallic - Dark Red Ruby | P59: 22 | R59: 943 | S59: Aquamarine - Medium | T59: 9 | V59: 3371 | W59: Black Brown | X59: 18 | Z59: 3823 | AA59: Yellow - Ultra Pale | AB59: 14 | AD59: 4150 | AE59: Variations - Desert Sand | AF59: 25
B60: 125 | C60: Variegated - Seafoam Green | D60: 21 | F60: 369 | G60: Pistachio Green - Very Light | H60: 10 | J60: 647 | K60: Beaver Gray - Medium | L60: 20 | N60: 816 | O60: Garnet | P60: 1 | R60: 945 | S60: Tawny | T60: 16 | V60: 3607 | W60: Plum - Light | X60: 3 | Z60: 3824 | AA60: Apricot - Light | AB60: 15 | AD60: 4160 | AE60: Variations - Glistening Pearl | AF60: 25
B61: E130 | C61: Metallic - Gemstones | D61: 22 | F61: 370 | G61: Mustard - Medium | H61: 12 | J61: 648 | K61: Beaver Gray - Light | L61: 20 | N61: 817 | O61: Coral Red - Very Dark | P61: 1 | R61: 946 | S61: Burnt Orange - Medium | T61: 15 | V61: 3608 | W61: Plum - Very Light | X61: 3 | Z61: 3825 | AA61: Pumpkin - Pale | AB61: 16 | AD61: 4170 | AE61: Variations - Whispering Wind | AF61: 25
B62: E135 | C62: Metallic - Golden Dawn | D62: 22 | F62: 371 | G62: Mustard | H62: 12 | J62: 666 | K62: Red - Bright | L62: 1 | N62: 818 | O62: Baby Pink | P62: 2 | R62: 947 | S62: Burnt Orange | T62: 15 | V62: 3609 | W62: Plum - Ultra Light | X62: 3 | Z62: 3826 | AA62: Golden Brown | AB62: 14 | AD62: 4180 | AE62: Variations - Rose Petals | AF62: 25
B63: 150 | C63: Red - Bright | D63: 2 | F63: 372 | G63: Mustard - Light | H63: 12 | J63: 676 | K63: Old Gold - Light | L63: 14 | N63: E818 | O63: Metallic - Soft Pink | P63: 23 | R63: 948 | S63: Peach - Very Light | T63: 17 | V63: 3685 | W63: Mauve - Very Dark | X63: 3 | Z63: 3827 | AA63: Golden Brown - Pale | AB63: 14 | AD63: 4190 | AE63: Variations - Ocean Coral | AF63: 25
B64: 151 | C64: Pink | D64: 2 | F64: 400 | G64: Mahogany - Dark | H64: 16 | J64: 677 | K64: Old Gold - Very Light | L64: 13 | N64: 819 | O64: Baby Pink - Light | P64: 2 | R64: 950 | S64: Desert Sand - Light | T64: 17 | V64: E3685 | W64: Metallic - Rosewood | X64: 22 | Z64: 3828 | AA64: Hazelnut Brown | AB64: 13 | AD64: 4200 | AE64: Variations - Wild Fire | AF64: 25
B65: 152 | C65: Tawny - Dark | D65: 16 | F65: 402 | G65: Mahogany - Very Light | H65: 16 | J65: E677 | K65: Metallic - White Gold | L65: 23 | N65: 820 | O65: Royal Blue - Very Dark | P65: 6 | R65: 951 | S65: Tawny - Light | T65: 16 | V65: 3687 | W65: Mauve | X65: 3 | Z65: 3829 | AA65: Old Gold - Very Dark | AB65: 14 | AD65: 4210 | AE65: Variations - Radiant Ruby | AF65: 25
B66: 153 | C66: Lilac | D66: 4 | F66: 407 | G66: Desert Sand - Dark | H66: 17 | J66: 680 | K66: Old Gold - Dark | L66: 14 | N66: 822 | O66: Beige Gray - Light | P66: 19 | R66: 954 | S66: Nile Green | T66: 10 | V66: 3688 | W66: Mauve - Medium | X66: 3 | Z66: 3830 | AA66: Terra Cotta | AB66: 17 | AD66: 4215 | AE66: Variations - Northern Lights | AF66: 25
B67: 154 | C67: Red - Very Dark | D67: 4 | F67: 413 | G67: Pewter Gray - Dark | H67: 20 | J67: 699 | K67: Green | L67: 11 | N67: 823 | O67: Blue - Dark | P67: 7 | R67: 955 | S67: Nile Green - Light | T67: 10 | V67: 3689 | W67: Mauve - Light | X67: 3 | Z67: 3831 | AA67: Raspberry - Dark | AB67: 1 | AD67: 4220 | AE67: Variations - Lavender Fields | AF67: 25
B68: 155 | C68: Forget-me-not Blue | D68: 5 | F68: 414 | G68: Steel Gray - Dark | H68: 20 | J68: E699 | K68: Metallic - Green Emerald | L68: 22 | N68: 824 | O68: Blue - Very Dark | P68: 6 | R68: 956 | S68: Geranium | T68: 2 | V68: 3705 | W68: Melon - Dark | X68: 2 | Z68: 3832 | AA68: Raspberry - Medium | AB68: 1 | AD68: 4230 | AE68: Variations - Crystal Water | AF68: 25
B69: E155 | C69: Metallic - Amethyst | D69: 22 | F69: 415 | G69: Pearl Gray | H69: 20 | J69: 700 | K69: Green - Bright | L69: 11 | N69: 825 | O69: Blue - Dark | P69: 6 | R69: 957 | S69: Geranium - Pale | T69: 2 | V69: 3706 | W69: Melon - Medium | X69: 2 | Z69: 3833 | AA69: Raspberry - Light | AB69: 1 | AD69: 4235 | AE69: Variations - Arctic Sea | AF69: 25
B70: 156 | C70: Blue - Medium | D70: 5 | F70: E415 | G70: Metallic - Pewter | H70: 23 | J70: 701 | K70: Green - Light | L70: 11 | N70: E825 | O70: Metallic - Blue Sapphire | P70: 22 | R70: 958 | S70: Seagreen - Dark | T70: 9 | V70: 3708 | W70: Melon - Light | X70: 2 | Z70: 3834 | AA70: Grape - Dark | AB70: 4 | AD70: 4240 | AE70: Variations - Mid Summer Night | AF70: 25
B71: 157 | C71: Blue - Light | D71: 5 | F71: 420 | G71: Hazelnut Brown - Dark | H71: 13 | J71: 702 | K71: Kelly Green | L71: 11 | N71: 826 | O71: Blue - Medium | P71: 6 | R71: 959 | S71: Seagreen - Medium | T71: 9 | V71: 3712 | W71: Salmon - Medium | X71: 1 | Z71: 3835 | AA71: Grape - Medium | AB71: 4 | AD71: 5282 | AE71: Metallic Pearl - Gold | AF71: 26
B72: 158 | C72: Blue - Dark | D72: 5 | F72: 422 | G72: Hazelnut Brown - Light | H72: 13 | J72: 703 | K72: Chartreuse | L72: 11 | P72: By Lord Libidan | R72: 961 | S72: Dusty Rose - Dark | T72: 2 | V72: 3713 | W72: Salmon - Very Light | X72: 1 | Z72: 3836 | AA72: Grape - Light | AB72: 4 | AD72: 5283 | AE72: Metallic Pearl - Silver | AF72: 26
B73: 159 | C73: Petrol Blue - Light | D73: 7 | F73: 433 | G73: Brown - Medium | H73: 18 | J73: E703 | K73: Metallic - Light Green Emerald | L73: 22 | R73: 962 | S73: Dusty Rose - Medium | T73: 2 | V73: 3716 | W73: Dusty Rose - Very Light | X73: 2 | Z73: 3837 | AA73: Lavender - Ultra Dark | AB73: 4
B74: 160 | C74: Petrol Blue - Medium | D74: 7 | F74: 434 | G74: Brown - Light | H74: 18 | J74: 704 | K74: Chartreuse - Bright | L74: 11 | R74: 963 | S74: Dusty Rose - Ultra Very Light | T74: 2 | V74: 3721 | W74: Shell Pink - Dark | X74: 16 | Z74: E3837 | AA74: Metallic - Purple Ruby | AB74: 22 | AF74: Updated February 2021
B75: 161 | C75: Petrol Blue - Dark | D75: 7 | F75: 435 | G75: Brown - Very Light | H75: 18 | R75: 964 | S75: Seagreen - Light | T75: 9
B76: 162 | C76: Baby Blue - Light | D76: 6
B77: ^ Depending on your country you may find either/both.

Sheet Discontinued & Hard-To-Find
B2: Pre-1960 Discontinued (Known Discontinued Only) | G2: Variegated | L2: Solid Colors | Q2: Variegated | V2: Secret Perfume | AA2: US-Only Threads | AF2: Variegated | AK2: Metallics | AO2: Rayon | AT2: Winnie The Pooh | AY2: Limited Edition | BD2: Partially Discontinued
B3: Number | C3: Color | D3: Name | E3: Replacement | G3: Number | H3: Color | I3: Name | J3: Replacement | L3: Number | M3: Color | N3: Name | O3: Replacement | Q3: Number | R3: Color | S3: Name | T3: Replacement | V3: Number | W3: Color | X3: Name | Y3: Replacement | AA3: Number | AB3: Color | AC3: Name | AD3: Replacement | AF3: Number | AG3: Color | AH3: Name | AI3: Replacement | AK3: Number | AL3: Name | AM3: Replacement | AO3: Number | AP3: Color | AQ3: Name | AR3: Replacement | AT3: Number | AU3: Color | AV3: Name | AW3: Replacement | AY3: Number | AZ3: Color | BA3: Name | BB3: Replacement | BD3: Number | BE3: Color | BF3: Name | BG3: Replacement
B4: 64 | D4: Variegated - Apricot Coral | E4: 4180 | G4: 48 | I4: Variegated - Baby Pink | J4: no replacement | L4: 504 | N4: Blue Green | O4: 3813 | Q4: 5269 | S4: Green Emerald | T4: E699 | V4: SPBlanc | X4: Secret Perfume - Lily Of The Valley | Y4: Blanc | AA4: 3773 | AC4: Dark Desert Sand | AD4: 407 | AF4: 4000 | AH4: Variegated Espresso | AI4: no replacement | AK4: E131 | AL4: Metallic - Carnivale Fun | AM4: no replacement | AO4: 30300 | AQ4: Rayon - Very Dark Mahogany | AR4: no replacement | AT4: 724 | AV4: Winnie The Pooh Gold | AW4: no replacement | AY4: 127 | BA4: Just Cross Stitch | BB4: no replacement | BD4: 516 | BF4: Deep Royal Blue | BG4: 796
B5: 222 | D5: Shell Pink | E5: 221 | G5: 49 | I5: Variegated - Burnt Sage | J5: no replacement | L5: 731 | N5: Olive Green | O5: 732 | Q5: 5270 | S5: Dark Red Ruby | T5: E815 | V5: SP321 | X5: Secret Perfume - Strawberry | Y5: 321 | AA5: 3880 | AC5: Medium Shell Pink | AD5: 3722 | AF5: 4017 | AH5: Variegated Polar Ice | AI5: no replacement | AK5: E133 | AL5: Metallic - Midnight Madness | AM5: no replacement | AO5: 30301 | AQ5: Rayon - Medium Mahogany | AR5: no replacement | AT5: 974 | AV5: Winnie The Pooh Gold 2 | AW5: no replacement | BD5: 614 | BF5: Drab Brown - Extreme Light | BG5: 613
B6: 303 | D6: Red - Medium Dark | E6: 304 | G6: 51 | I6: Variegated - Burnt Orange | J6: no replacement | L6: 776 | N6: Medium Pink | O6: 3326 | Q6: 5272 | S6: Bright White | T6: E5200 | V6: SP340 | X6: Secret Perfume - Lavender | Y6: 340 | AA6: 3881 | AC6: Pine Green | AD6: 3364 | AF6: 4022 | AH6: Variegated Mediterranean Sea | AI6: no replacement | AK6: E136 | AL6: Metallic - Emerald Isle | AM6: no replacement | AO6: 30307 | AQ6: Rayon - Lemon | AR6: S307 | AY6: Additional Information | BD6: 771 | BF6: Sunshine | BG6: 744
B7: 401 | D7: Mahogany | E7: 402 | G7: 52 | I7: Variegated - Violet | J7: no replacement | L7: 781 | N7: Very Dark Topaz | O7: 782 | Q7: 5279 | S7: Copper | T7: E301 | V7: SP603 | X7: Secret Perfume - Rose | Y7: 603 | AA7: 3882 | AC7: Dark Coffee Brown | AD7: 801 | AF7: 4042 | AH7: Variegated Very Merry | AI7: no replacement | AK7: E138 | AL7: Metallic - Opalescent Rays | AM7: no replacement | AO7: 30310 | AQ7: Rayon - Black | AR7: S310 | AT7: Additional Information | AY7: Released: February 2013 Discontinued: February 2013 Reason: Only included in the January/February 2013 issue of Just Cross Stitch for its 30th Anniversary Sampler.
B8: 473 | D8: Avocado Green - Very Ultra Light | E8: 472 | G8: 53 | I8: Variegated - Steel Gray | J8: no replacement | L8: 806 | N8: Dark Peacock Blue | O8: 3760 | Q8: 5282 | S8: Light Gold | T8: E3821 | V8: SP703 | X8: Secret Perfume - Apple | Y8: 703 | AA8: 3883 | AC8: Light Orange Spice | AD8: 722 | AF8: 4047 | AH8: Variegated Emerald | AI8: no replacement | AK8: E140 | AL8: Metallic - Tropical Delight | AM8: no replacement | AO8: 30326 | AQ8: Rayon - Very Dark Rose | AR8: S326 | AT8: Released: 1999 Discontinued: 2013 Reason: Both threads were copyrighted by Disney and only released in Designer Stitches UK Limited patterns for the exclusive use of Winnie The Pooh fur. | BD8: Additional Information
B9: 474 | D9: Deep Blue - Ultra Dark | E9: 823 | G9: 57 | I9: Variegated - Red | J9: no replacement | L9: 868 | N9: Dark Coffee Brown | O9: 801 | Q9: 5283 | S9: Silver | T9: E168 | V9: SP726 | X9: Secret Perfume - Lemon | Y9: 726 | AA9: 3884 | AC9: Dark Tin | AD9: 4 | AF9: 4066 | AH9: Variegated Amazon Moss | AI9: no replacement | AK9: E141 | AL9: Metallic - Holiday Sparkle | AM9: no replacement | AO9: 30336 | AQ9: Rayon - Navy Blue | AR9: S336 | BD9: Released: Unknown Discontinued: Between 1924 and 1958 Reason: Unknown. Some of these colors can still be purchased in other thread types still.
B10: 475 | D10: Deep Blue - Very Dark | E10: 820 | G10: 61 | I10: Variegated - Topaz | J10: no replacement | L10: 971 | N10: Pumpkin | O10: 740 | Q10: 5284 | S10: Dark Gold | T10: E3852 | V10: SP738 | X10: Secret Perfume - Almond | Y10: 738 | AA10: 3885 | AC10: Very Dark Baby Blue | AD10: 312 | AF10: 4068 | AH10: Variegated Camouflage | AI10: no replacement | AK10: E144 | AL10: Metallic - Majestic Metals | AM10: no replacement | AO10: 30351 | AQ10: Rayon - Coral | AR10: S351
B11: 476 | D11: Deep Blue - Dark | E11: 336 | G11: 62 | I11: Variegated - Dusty Rose | J11: no replacement | Q11: 5287 | S11: Titanium | T11: E317 | V11: SP741 | X11: Secret Perfume - Orange | Y11: 741 | AA11: 3886 | AC11: Very Dark Fuchsia | AD11: 35 | AF11: 4069 | AH11: Variegated Margarita | AI11: no replacement | AK11: E146 | AL11: Metallic - Caribbean Ripples | AM11: no replacement | AO11: 30352 | AQ11: Rayon - Light Coral | AR11: S352
B12: 477 | D12: Deep Blue - Medium | E12: 791 | G12: 67 | I12: Variegated - Baby Blue | J12: no replacement | L12: Additional Information | Q12: 5288 | S12: Pink Amethyst | T12: E316 | V12: SP745 | X12: Secret Perfume - Honeysuckle | Y12: 745 | AA12: 3887 | AC12: Ultra Dark Lavender | AD12: 3837 | AF12: 4072 | AH12: Variegated Toasted Almond | AI12: no replacement | AK12: E148 | AL12: Metallic - Purple Essence | AM12: no replacement | AO12: 30434 | AQ12: Rayon - Light Brown | AR12: S434 | AY12: More information: https://lordlibidan.com/the-limited-edition-dmc-threads/
B13: 478 | D13: Deep Blue - Light | E13: 792 | G13: 69 | I13: Variegated - Terra Cotta | J13: no replacement | L13: Released: 1991 Discontinued: 1996 Reason: Unknown - Likely to be manufacturing difficulties, or poor sales. | Q13: 5289 | S13: Purple Ruby | T13: E3837 | V13: SP801 | X13: Secret Perfume - Chocolate | Y13: 801 | AA13: 3888 | AC13: Medium Antique Violet | AD13: 3041 | AF13: 4073 | AH13: Variegated Buttercup | AI13: no replacement | AK13: E150 | AL13: Metallic - Deep Water Blue | AM13: no replacement | AO13: 30435 | AQ13: Rayon - Very Light Brown | AR13: no replacement | AT13: More information: https://lordlibidan.com/the-rarest-dmc-thread-dmc-724/
B14: 479 | D14: Deep Blue - Very Light | E14: 156 | G14: 75 | I14: Variegated - Cranberry | J14: no replacement | Q14: 5290 | S14: Light Blue Sapphire | T14: E3843 | V14: SP977 | X14: Secret Perfume - Toffee/Caramel | Y14: 977 | AA14: 3889 | AC14: Light Lemon | AD14: 445 | AF14: 4095 | AH14: Variegated Cupcake | AI14: no replacement | AK14: E152 | AL14: Metallic - Pink Shimmer | AM14: no replacement | AO14: 30469 | AQ14: Rayon - Avocado Green | AR14: S469 | AT14: More information: https://lordlibidan.com/dmc-974-the-rarest-thread/
B15: 396 | D15: Heath - Medium | E15: 554 | G15: 90 | I15: Variegated - Yellow | J15: no replacement | V15: SP3823 | X15: Secret Perfume - Vanilla | Y15: 3823 | AA15: 3890 | AC15: Light Bright Turquoise | AD15: 3846 | AF15: 4122 | AH15: Variegated Fall Harvest | AI15: no replacement | AK15: E154 | AL15: Metallic - All That Jazz | AM15: no replacement | AO15: 30501 | AQ15: Rayon - Dark Blue Green | AR15: S501
B16: 397 | D16: Heath - Light | E16: 153 | G16: 91 | I16: Variegated - Turquoise | J16: no replacement | Q16: Additional Information | AA16: 3891 | AC16: Dark Bright Turquoise | AD16: 3844 | AF16: 4129 | AH16: Variegated Peanut Brittle | AI16: no replacement | AK16: E170 | AL16: Metallic - White Silver | AM16: no replacement | AO16: 30503 | AQ16: Rayon - Medium Blue Green | AR16: no replacement
B17: 591 | D17: Teal Blue - Very Dark | E17: 3808 | G17: 92 | I17: Variegated - Avocado | J17: no replacement | Q17: Released: 1990 onwards Discontinued: 2000 Reason: Rereleased under new numbers only. Names kept. | V17: Additional Information | AA17: 3892 | AC17: Light Pumpkin | AD17: 970 | AF17: 4135 | AH17: Variegated Terra Cotta | AI17: no replacement | AK17: E305 | AL17: Metallic - Titanium | AM17: no replacement | AO17: 30504 | AQ17: Rayon - Light Blue Green | AR17: S504
B18: 592 | D18: Teal Blue - Dark | E18: 3815 | G18: 93 | I18: Variegated - Cornflower Blue | J18: no replacement | V18: Released: 2008 Discontinued: 2008 Reason: Scented theads did not catch on, and the test patterns did not sell. The whole series was abandoned. | AA18: 3893 | AC18: Ultra Very Light Beige Brown | AD18: 543 | AF18: 4205 | AH18: Variegated Caliente | AI18: no replacement | AK18: E3821 | AL18: Metallic - Straw Gold | AM18: no replacement | AO18: 30543 | AQ18: Rayon - Ultra Very Light Beige Brown | AR18: no replacement
B19: 896 | D19: Dusty Rose - Ultra Very Light | E19: 963 | G19: 94 | I19: Variegated - Khaki Green | J19: no replacement | AA19: 3894 | AC19: Light Parrot Green | AD19: 907 | AF19: 4211 | AH19: Variegated Azalea | AI19: no replacement | AK19: E3868 | AL19: Metallic - Light Silver | AM19: no replacement | AO19: 30550 | AQ19: Rayon - Very Dark Violet | AR19: S550
B20: 929 | D20: Bright Antique Blue | E20: 3750 | G20: 95 | I20: Variegated - Purple | J20: no replacement | AA20: 3895 | AC20: Light Beaver Gray | AD20: 648 | AF20: 4212 | AH20: Variegated Mixed Berries | AI20: no replacement | AK20: E3870 | AL20: Metallic - Bronze Gold | AM20: no replacement | AO20: 30552 | AQ20: Rayon - Medium Violet | AR20: S552
B21: 3352 | D21: Rose Orange - Medium | E21: 3705 | G21: 99 | I21: Variegated - Mauve | J21: no replacement | AF21: 4214 | AH21: Variegated Cotton Candy | AI21: no replacement | AO21: 30553 | AQ21: Rayon - Violet | AR21: S553
B22: 3367 | D22: Garnet - Dark | E22: 814 | G22: 101 | I22: Variegated - Spring Green | J22: no replacement | AA22: Additional Information | AF22: 4237 | AH22: Variegated Laguna Blue | AI22: no replacement | AK22: Additional Information | AO22: 30554 | AQ22: Rayon - Light Violet | AR22: no replacement
B23: 3684 | D23: Garnet - Extremely Dark | E23: 902 | G23: 102 | I23: Variegated - Dark Violet | J23: no replacement | V23: More information: https://lordlibidan.com/dmc-secret-perfume-threads-a-forgotten-failure/ | AA23: Released: July 2013 Discontinued: July 2013 Reason: EU dye laws resulted in new threads being unsellable in most of the world. | AF23: 4245 | AH23: Variegated Mystical Midnight | AI23: no replacement | AK23: Released: 1999 Discontinued: 2013 Reason: Poor sales of new metallics packs. | AO23: 30580 | AQ23: Rayon - Dark Moss Green | AR23: no replacement
G24: 103 | I24: Variegated - Royal Blue | J24: no replacement | AF24: 4250 | AH24: Variegated Berry Parfait | AI24: no replacement | AO24: 30601 | AQ24: Rayon - Dark Cranberry | AR24: S601
B25: Additional Information | G25: 104 | I25: Variegated - Lemon | J25: no replacement | AF25: 4255 | AH25: Variegated Orchid | AI25: no replacement | AO25: 30602 | AQ25: Rayon - Medium Cranberry | AR25: S602
B26: Released: Pre-1950 Discontinued: 1954-1958 Reason: Internal DMC company shifts to sell outside of the French market. | G26: 105 | I26: Variegated - Tan Brown | J26: no replacement | AF26: 4260 | AH26: Variegated Enchanted | AI26: no replacement | AO26: 30606 | AQ26: Rayon - Bright Orange Red | AR26: S606
G27: 106 | I27: Variegated - Coral | J27: no replacement | AF27: 4265 | AH27: Variegated Purple Pansy | AI27: no replacement | AO27: 30666 | AQ27: Rayon - Bright Red | AR27: S666
G28: 107 | I28: Variegated - Carnation | J28: no replacement | AA28: More information: https://lordlibidan.com/whats-the-true-story-behind-the-us-only-dmc-threads/ | AK28: More information: https://lordlibidan.com/what-happened-to-dmc-light-effect-threads/ | AO28: 30676 | AQ28: Rayon - Light Old Gold | AR28: S676
G29: 108 | I29: Variegated - Yellow Orange | J29: no replacement | AF29: Additional Information | AO29: 30702 | AQ29: Rayon - Kelly Green | AR29: S702
G30: 111 | I30: Variegated - Mustard | J30: no replacement | AF30: Released: July 2013 Discontinued: 2013-2014 Reason: Unknown - Likely to be poor sales or manufacturing difficulties. | AO30: 30712 | AQ30: Rayon - Cream | AR30: S712
G31: 112 | I31: Variegated - Salmon | J31: no replacement | AO31: 30726 | AQ31: Rayon - Light Topaz | AR31: S726
G32: 113 | I32: Variegated - Wedgewood Blue | J32: no replacement | AO32: 30742 | AQ32: Rayon - Light Tangerine | AR32: no replacement
G33: 114 | I33: Variegated - Lime Green | J33: no replacement | AO33: 30744 | AQ33: Rayon - Pale Yellow | AR33: S744
G34: 115 | I34: Variegated - Garnet | J34: no replacement | AO34: 30797 | AQ34: Rayon - Royal Blue | AR34: S797
G35: 116 | I35: Variegated - Cyclamen Pink | J35: no replacement | AO35: 30798 | AQ35: Rayon - Dark Delft Blue | AR35: S798
G36: 121 | I36: Variegated - Delft Blue | J36: no replacement | AO36: 30799 | AQ36: Rayon - Medium Delft Blue | AR36: S799
G37: 122 | I37: Variegated - Olive Green | J37: no replacement | AO37: 30813 | AQ37: Rayon - Light Blue | AR37: no replacement
G38: 123 | I38: Variegated - Teal | J38: no replacement | AO38: 30814 | AQ38: Rayon - Dark Garnet | AR38: no replacement
G39: 124 | I39: Variegated - Periwinkle | J39: no replacement | AO39: 30818 | AQ39: Rayon - Baby Pink | AR39: S818
G40: 125 | I40: Variegated - Seafoam Green | J40: no replacement | AO40: 30820 | AQ40: Rayon - Very Dark Royal Blue | AR40: S820
G41: 126 | I41: Variegated - Lavender | J41: no replacement | AO41: 30824 | AQ41: Rayon - Very Dark Blue | AR41: no replacement
AO42: 30839 | AQ42: Rayon - Dark Beige Brown | AR42: no replacement
G43: Additional Information | AO43: 30841 | AQ43: Rayon - Light Beige Brown | AR43: S841
G44: Released: Pre-1990 Discontinued: 1996 Reason: Unknown - Likely to be poor sales. | AO44: 30898 | AQ44: Rayon - Very Dark Coffee Brown | AR44: S898
AO45: 30899 | AQ45: Rayon - Medium Rose | AR45: S899
AO46: 30909 | AQ46: Rayon - Very Dark Emerald Green | AR46: S909
AO47: 30911 | AQ47: Rayon - Medium Emerald Green | AR47: no replacement
AO48: 30913 | AQ48: Rayon - Medium Nile Green | AR48: no replacement
AO49: 30915 | AQ49: Rayon - Dark Plum | AR49: S915
AO50: 30931 | AQ50: Rayon - Medium Antique Blue | AR50: S931
AO51: 30932 | AQ51: Rayon - Light Antique Blue | AR51: S932
AO52: 30943 | AQ52: Rayon - Medium Aquamarine | AR52: S943
AO53: 30955 | AQ53: Rayon - Light Nile Green | AR53: no replacement
AO54: 30956 | AQ54: Rayon - Geranium | AR54: no replacement
AO55: 30957 | AQ55: Rayon - Pale Geranium | AR55: no replacement
AO56: 30959 | AQ56: Rayon - Medium Seagreen | AR56: S959
... AO72: 33814 | AQ72: Rayon - Aquamarine | AR72: no replacement
AO74: Additional Information
AO75: Released: 1996 Discontinued: July 2013 Reason: Replaced with the satin series. Some colors discontinued due to dye laws in the EU.

Sheet Main Color Chart

Sheet Skin & Hair Colour Charts
B3: PERFECT SKIN TONES | M3: PERFECT HAIR TONES

Sheet Color Breakdowns
B3: COLORIS THREADS | L3: VARIEGATED THREADS | V3: VARIATIONS THREADS | AF3: DISCONTINUED THREADS
B6: 4500 | L6: 48 | V6: 4010 | AF6: 57
B7: Columbine Gardens | D7: 3052 | F7: 3013 | H7: 818 | J7: 3354 | L7: Baby Pink | N7: 600 | P7: 602 | R7: 605 | V7: Winter Sky | X7: 162 | Z7: 762 | AB7: 415 | AD7: 159 | AF7: Red | AH7: 666 | AJ7: 3801 | AL7: 3706
B9: 4501 | L9: 51 | V9: 4015 | AF9: 103
B10: Wildflowers | D10: 598 | F10: 772 | H10: Ecru | J10: 3706 | L10: Burnt Orange | N10: 970 | P10: 3825 | R10: 3854 | V10: Stormy Skies | X10: 168 | Z10: 415 | AB10: 762 | AD10: 3072 | AF10: Royal Blue | AH10: 803 | AJ10: 312 | AL10: 798
B12: 4502 | L12: 52 | V12: 4020 | AF12: 4000
B13: Camelia | D13: 3348 | F13: 3841 | H13: 602 | J13: 601 | L13: Violet | N13: 153 | P13: 208 | R13: 550 | T13: 3837 | V13: Tropical Waters | X13: 3840 | Z13: 3766 | AB13: 747 | AD13: 3761 | AF13: Espresso | AH13: 3021 | AJ13: 3031 | AL13: 3371 | AN13: 3799
B15: 4503 | L15: 53 | V15: 4025 | AF15: 4017
B16: Wisteria | D16: 3834 | F16: 3835 | H16: 3819 | J16: 3743 | L16: Steel Grey | N16: 168 | P16: 413 | R16: 3799 | V16: Caribbean Bay | X16: 3809 | Z16: 3810 | AB16: 597 | AF16: Polar Ice | AH16: 648 | AJ16: 3866 | AL16: 827 | AN16: 775
B18: 4504 | L18: 67 | V18: 4030 | AF18: 4022
B19: Hydrangea | D19: 3781 | F19: 3032 | H19: 3803 | J19: 316 | L19: Baby Blue | N19: 162 | P19: 800 | R19: 799 | V19: Monet's Garden | X19: 931 | Z19: 597 | AB19: 3810 | AD19: 992 | AF19: Mediterranean Sea | AH19: 3843 | AJ19: 3844 | AL19: 996 | AN19: 3846
B21: 4505 | L21: 69 | V21: 4040 | AF21: 4042
B22: Heather | D22: 3051 | F22: 3053 | H22: 3041 | J22: 3042 | L22: Terra Cotta | N22: 754 | P22: 3777 | R22: 3830 | V22: Water Lillies | X22: 747 | Z22: 958 | AB22: 964 | AD22: 955 | AF22: Very Merry | AH22: 321 | AJ22: B5200 | AL22: 699 | AN22: 164
B24: 4506 | L24: 90 | V24: 4045 | AF24: 4047
B25: Spring | D25: 472 | F25: 926 | H25: 988 | J25: 3760 | L25: Yellow | N25: 741 | P25: 742 | R25: 307 | V25: Evergreen Forest | X25: 319 | Z25: 367 | AB25: 320 | AF25: Emerald Isle | AH25: 904 | AJ25: 909 | AL25: 895 | AN25: 890
B27: 4507 | L27: 92 | V27: 4050 | AF27: 4066
B28: Bouginvillea | D28: 602 | F28: 3808 | H28: 959 | J28: 798 | L28: Avocado | N28: 471 | P28: 772 | R28: 904 | V28: Roaming Pastures | X28: 992 | Z28: 703 | AB28: 907 | AD28: 581 | AF28: Fresh Cut Grass | AH28: 937 | AJ28: 936 | AL28: 469 | AN28: 166
B30: 4508 | L30: 93 | V30: 4060 | AF30: 4068
B31: Frosted Countryside | D31: 734 | F31: 3078 | H31: 3024 | J31: 3771 | L31: Blue Haze | N31: 800 | P31: 798 | R31: 796 | V31: Weeping Willow | X31: 964 | Z31: 164 | AB31: 772 | AD31: 165 | AF31: Camouflage | AH31: 3371 | AJ31: 801 | AL31: 730 | AN31: 734
B33: 4509 | L33: 94 | V33: 4065 | AF33: 4069
B34: Granite Coast | D34: 645 | F34: 223 | H34: 166 | J34: 3836 | L34: Khaki Green | N34: 730 | P34: 3012 | R34: 3013 | V34: Morning Meadow | X34: 926 | Z34: 3053 | AB34: 647 | AD34: 3782 | AF34: Margarita | AH34: 906 | AJ34: 907 | AL34: 307 | AN34: 445
B36: 4510 | L36: 99 | V36: 4070 | AF36: 4072
B37: Maple | D37: 3819 | F37: 3705 | H37: 640 | J37: 921 | L37: Mauve | N37: 3687 | P37: 818 | R37: 3685 | V37: Autumn Leaves | X37: 3821 | Z37: 166 | AB37: 3819 | AD37: 733 | AF37: Toasted Almond | AH37: 3046 | AJ37: 3047 | AL37: 3045 | AN37: 3078
B39: 4511 | L39: 105 | V39: 4075 | AF39: 4073
B40: Indian Summer | D40: 783 | F40: 349 | H40: 938 | J40: 3051 | L40: Tan/Brown | N40: 434 | P40: 436 | R40: 739 | V40: Wheat Fields | X40: 3820 | Z40: 3821 | AB40: 3822 | AD40: 834 | AF40: Buttercup | AH40: 3821 | AJ40: 726 | AL40: 3852 | AN40: 677
B42: 4512 | L42: 106 | V42: 4077 | AF42: 4095
B43: States | D43: 318 | F43: 798 | H43: 349 | J43: 336 | L43: Coral | N43: 606 | P43: 967 | R43: 3341 | V43: Morning Sunshine | X43: 973 | Z43: 445 | AB43: 3823 | AF43: Cupcake | AH43: 3823 | AJ43: 676 | AL43: 225 | AN43: 963
B45: 4513 | L45: 107 | V45: 4080 | AF45: 4122
B46: London | D46: B5200 | F46: 413 | H46: 814 | J46: 318 | L46: Carnation | N46: 321 | P46: 326 | R46: 602 | T46: 604 | V46: Daffodil Fields | X46: 3823 | Z46: 744 | AB46: 745 | AD46: 165 | AF46: Fall Harvest | AH46: 975 | AJ46: 740 | AL46: 742 | AN46: 666
B48: 4514 | L48: 111 | V48: 4090 | AF48: 4129
B49: Venice | D49: 3809 | F49: 317 | H49: 153 | J49: 3834 | L49: Mustard | N49: 780 | P49: 782 | R49: 783 | V49: Golden Oasis | X49: 3856 | Z49: 3855 | AB49: 745 | AD49: 3823 | AF49: Peanut Brittle | AH49: 833 | AJ49: 782 | AL49: 729 | AN49: 3829
B51: 4515 | L51: 115 | V51: 4100 | AF51: 4135
B52: Paris | D52: 839 | F52: 840 | H52: 932 | J52: 930 | L52: Garnet | N52: 321 | P52: 815 | R52: 902 | V52: Summer Breeze | X52: 3855 | Z52: 3824 | AB52: 3825 | AD52: 743 | AF52: Terra Cotta | AH52: 918 | AJ52: 838 | AL52: 632 | AN52: 898
B54: 4516 | L54: 121 | V54: 4110 | AF54: 4205
B55: Black Forest | D55: 839 | F55: 632 | H55: 712 | J55: 498 | L55: Delft Blue | N55: 157 | P55: 796 | R55: 798 | V55: Sunrise | X55: 3708 | Z55: 3341 | AB55: 3824 | AD55: 967 | AF55: Caliente | AH55: 3801 | AJ55: 321 | AL55: 817 | AN55: 814
B57: 4517 | L57: 125 | V57: 4120 | AF57: 4211
B58: Elves | D58: 350 | F58: 502 | H58: 816 | J58: 891 | L58: Seafoam Green | N58: 909 | P58: 912 | R58: 913 | T58: 955 | V58: Tropical Sunset | X58: 722 | Z58: 351 | AB58: 352 | AD58: 3856 | AF58: Azalea | AH58: 326 | AJ58: 718 | AL58: 327 | AN58: 210
B60: 4518 | V60: 4010 | AF60: 4212
B61: Cottage | D61: 779 | F61: 3861 | H61: 3051 | J61: 815 | V61: Winter Sky | X61: 162 | Z61: 762 | AB61: 415 | AD61: 159 | AF61: Mixed Berries | AH61: 550 | AJ61: 791 | AL61: 816 | AN61: 814
B63: 4519 | V63: 4015 | AF63: 4214
B64: Jingle Bells | D64: 838 | F64: 500 | H64: 498 | J64: 321 | V64: Stormy Skies | X64: 168 | Z64: 415 | AB64: 762 | AD64: 3072 | AF64: Cotton Candy | AH64: 151 | AJ64: 322 | AL64: 819 | AN64: 162
B66: 4520 | V66: 4020 | AF66: 4237
B67: Christmas Story | D67: 321 | F67: Blanc | H67: 369 | J67: 911 | V67: Tropical Waters | X67: 3840 | Z67: 3766 | AB67: 747 | AD67: 3761 | AF67: Laguna Blue | AH67: 798 | AJ67: 747 | AL67: 803 | AN67: 806
B69: 4521 | V69: 4025 | AF69: 4245
B70: Wide Open Spaces | D70: 3023 | F70: 934 | H70: 834 | J70: 3031 | V70: Caribbean Bay | X70: 3809 | Z70: 3810 | AB70: 597 | AF70: Mystical Midnight | AH70: 550 | AJ70: 791 | AL70: 796 | AN70: 939
B72: 4522 | V72: 4030 | AF72: 4250
B73: Canadian Night | D73: 838 | F73: 3834 | H73: 3799 | J73: 632 | V73: Monet's Garden | X73: 931 | Z73: 597 | AB73: 3810 | AD73: 992 | AF73: Berry Parfait | AH73: 208 | AJ73: 211 | AL73: 797 | AN73: 340
B75: 4523 | V75: 4040 | AF75: 4255
B76: North Wind | D76: 3840 | F76: 210 | H76: 451 | J76: 613 | V76: Water Lillies | X76: 747 | Z76: 958 | AB76: 964 | AD76: 955 | AF76: Orchid | AH76: Blanc | AJ76: 554 | AL76: 3837 | AN76: 550
V78: 4045 | AF78: 4260
V79: Evergreen Forest | X79: 319 | Z79: 367 | AB79: 320 | AF79: Enchanted | AH79: 3609 | AJ79: 3608 | AL79: 208 | AN79: 3836
V81: 4050 | AF81: 4265
V82: Roaming Pastures | X82: 992 | Z82: 703 | AB82: 907 | AD82: 581 | AF82: Purple Pansy | AH82: 208 | AJ82: 211 | AL82: 550 | AN82: 307
V84: 4060
V85: Weeping Willow | X85: 964 | Z85: 164 | AB85: 772 | AD85: 165
V87: 4065
V88: Morning Meadow | X88: 926 | Z88: 3053 | AB88: 647 | AD88: 3782
V90: 4070
V91: Autumn Leaves | X91: 3821 | Z91: 166 | AB91: 3819 | AD91: 733
V93: 4075
V94: Wheat Fields | X94: 3820 | Z94: 3821 | AB94: 3822 | AD94: 834
V96: 4077
V97: Morning Sunshine | X97: 973 | Z97: 445 | AB97: 3823
V99: 4080
V100: Daffodil Fields | X100: 3823 | Z100: 744 | AB100: 745 | AD100: 165
V102: 4090
V103: Golden Oasis | X103: 3856 | Z103: 3855 | AB103: 745 | AD103: 3823
V105: 4100
V106: Summer Breeze | X106: 3855 | Z106: 3824 | AB106: 3825 | AD106: 743
V108: 4110
V109: Sunrise | X109: 3708 | Z109: 3341 | AB109: 3824 | AD109: 967
V111: 4120
V112: Tropical Sunset | X112: 722 | Z112: 351 | AB112: 352 | AD112: 3856

Sheet Availability Checker
B2: USE THIS TABLE IF YOU USE THE NUMBER ORDER CHART | I2: USE THIS TABLE IF YOU USE THE COLOR ORDER CHART
B3: Thread Number | C3: Total Skeins Needed | D3: Skeins in Collection | E3: Need To Buy More? | F3: Number Needed | I3: Thread Number | J3: Total Skeins Needed | K3: Skeins in Collection | L3: Column | M3: Need To Buy More? | N3: Number Needed
B4: 310 | C4: 1 | D4: =IF(ISBLANK(B4), "", IFERROR(VLOOKUP(B4,Sheet1!A:C,3,FALSE),"Number not found")) -> 0 | E4: =IF(ISBLANK(B4),"",IF(ISTEXT(D4),"!",IF(D4=0,"None in collection",IF(D4>C4,"No","Need More")))) -> None in collection | F4: =IF(ISBLANK(B4),"",IF(C4>D4,C4-D4,"")) -> 1 | I4: 310 | J4: 1 | K4: =IF(ISBLANK(I4), "", IFERROR(VLOOKUP(I4,Sheet2!A:C,3,FALSE),"Number not found")) -> 0 | L4: =IF(ISBLANK(I4), "", IFERROR(VLOOKUP(I4,Sheet2!A:D,4,FALSE),"Number not found")) -> 20 | M4: =IF(ISBLANK(I4),"",IF(ISTEXT(K4),"!",IF(K4=0,"None in collection",IF(K4>J4,"No","Need More")))) -> None in collection | N4: =IF(ISBLANK(I4),"",IF(J4>K4,J4-K4,"")) -> 1
D5: =IF(ISBLANK(B5), "", IFERROR(VLOOKUP(B5,Sheet1!A:C,3,FALSE),"Number not found")) | E5: =IF(ISBLANK(B5),"",IF(ISTEXT(D5),"!",IF(D5=0,"None in collection",IF(D5>C5,"No","Need More")))) | F5: =IF(ISBLANK(B5),"",IF(C5>D5,C5-D5,"")) | K5: =IF(ISBLANK(I5), "", IFERROR(VLOOKUP(I5,Sheet2!A:C,3,FALSE),"Number not found")) | L5: =IF(ISBLANK(I5), "", IFERROR(VLOOKUP(I5,Sheet2!A:D,4,FALSE),"Number not found")) | M5: =IF(ISBLANK(I5),"",IF(ISTEXT(K5),"!",IF(K5=0,"None in collection",IF(K5>J5,"No","Need More")))) | N5: =IF(ISBLANK(I5),"",IF(J5>K5,J5-K5,""))
D6: =IF(ISBLANK(B6), "", IFERROR(VLOOKUP(B6,Sheet1!A:C,3,FALSE),"Number not found")) | E6: =IF(ISBLANK(B6),"",IF(ISTEXT(D6),"!",IF(D6=0,"None in collection",IF(D6>C6,"No","Need More")))) | F6: =IF(ISBLANK(B6),"",IF(C6>D6,C6-D6,"")) | K6: =IF(ISBLANK(I6), "", IFERROR(VLOOKUP(I6,Sheet2!A:C,3,FALSE),"Number not found")) | L6: =IF(ISBLANK(I6), "", IFERROR(VLOOKUP(I6,Sheet2!A:D,4,FALSE),"Number not found")) | M6: =IF(ISBLANK(I6),"",IF(ISTEXT(K6),"!",IF(K6=0,"None in collection",IF(K6>J6,"No","Need More")))) | N6: =IF(ISBLANK(I6),"",IF(J6>K6,J6-K6,""))
D7: =IF(ISBLANK(B7), "", IFERROR(VLOOKUP(B7,Sheet1!A:C,3,FALSE),"Number not found")) | E7: =IF(ISBLANK(B7),"",IF(ISTEXT(D7),"!",IF(D7=0,"None in collection",IF(D7>C7,"No","Need More")))) | F7: =IF(ISBLANK(B7),"",IF(C7>D7,C7-D7,"")) | K7: =IF(ISBLANK(I7), "", IFERROR(VLOOKUP(I7,Sheet2!A:C,3,FALSE),"Number not found")) | L7: =IF(ISBLANK(I7), "", IFERROR(VLOOKUP(I7,Sheet2!A:D,4,FALSE),"Number not found")) | M7: =IF(ISBLANK(I7),"",IF(ISTEXT(K7),"!",IF(K7=0,"None in collection",IF(K7>J7,"No","Need More")))) | N7: =IF(ISBLANK(I7),"",IF(J7>K7,J7-K7,""))
D8: =IF(ISBLANK(B8), "", IFERROR(VLOOKUP(B8,Sheet1!A:C,3,FALSE),"Number not found")) | E8: =IF(ISBLANK(B8),"",IF(ISTEXT(D8),"!",IF(D8=0,"None in collection",IF(D8>C8,"No","Need More")))) | F8: =IF(ISBLANK(B8),"",IF(C8>D8,C8-D8,"")) | K8: =IF(ISBLANK(I8), "", IFERROR(VLOOKUP(I8,Sheet2!A:C,3,FALSE),"Number not found")) | L8: =IF(ISBLANK(I8), "", IFERROR(VLOOKUP(I8,Sheet2!A:D,4,FALSE),"Number not found")) | M8: =IF(ISBLANK(I8),"",IF(ISTEXT(K8),"!",IF(K8=0,"None in collection",IF(K8>J8,"No","Need More")))) | N8: =IF(ISBLANK(I8),"",IF(J8>K8,J8-K8,""))
D9: =IF(ISBLANK(B9), "", IFERROR(VLOOKUP(B9,Sheet1!A:C,3,FALSE),"Number not found")) | E9: =IF(ISBLANK(B9),"",IF(ISTEXT(D9),"!",IF(D9=0,"None in collection",IF(D9>C9,"No","Need More")))) | F9: =IF(ISBLANK(B9),"",IF(C9>D9,C9-D9,"")) | K9: =IF(ISBLANK(I9), "", IFERROR(VLOOKUP(I9,Sheet2!A:C,3,FALSE),"Number not found")) | L9: =IF(ISBLANK(I9), "", IFERROR(VLOOKUP(I9,Sheet2!A:D,4,FALSE),"Number not found")) | M9: =IF(ISBLANK(I9),"",IF(ISTEXT(K9),"!",IF(K9=0,"None in collection",IF(K9>J9,"No","Need More")))) | N9: =IF(ISBLANK(I9),"",IF(J9>K9,J9-K9,""))
D10: =IF(ISBLANK(B10), "", IFERROR(VLOOKUP(B10,Sheet1!A:C,3,FALSE),"Number not found")) | E10: =IF(ISBLANK(B10),"",IF(ISTEXT(D10),"!",IF(D10=0,"None in collection",IF(D10>C10,"No","Need More")))) | F10: =IF(ISBLANK(B10),"",IF(C10>D10,C10-D10,"")) | K10: =IF(ISBLANK(I10), "", IFERROR(VLOOKUP(I10,Sheet2!A:C,3,FALSE),"Number not found")) | L10: =IF(ISBLANK(I10), "", IFERROR(VLOOKUP(I10,Sheet2!A:D,4,FALSE),"Number not found")) | M10: =IF(ISBLANK(I10),"",IF(ISTEXT(K10),"!",IF(K10=0,"None in collection",IF(K10>J10,"No","Need More")))) | N10: =IF(ISBLANK(I10),"",IF(J10>K10,J10-K10,""))
D11: =IF(ISBLANK(B11), "", IFERROR(VLOOKUP(B11,Sheet1!A:C,3,FALSE),"Number not found")) | E11: =IF(ISBLANK(B11),"",IF(ISTEXT(D11),"!",IF(D11=0,"None in collection",IF(D11>C11,"No","Need More")))) | F11: =IF(ISBLANK(B11),"",IF(C11>D11,C11-D11,"")) | K11: =IF(ISBLANK(I11), "", IFERROR(VLOOKUP(I11,Sheet2!A:C,3,FALSE),"Number not found")) | L11: =IF(ISBLANK(I11), "", IFERROR(VLOOKUP(I11,Sheet2!A:D,4,FALSE),"Number not found")) | M11: =IF(ISBLANK(I11),"",IF(ISTEXT(K11),"!",IF(K11=0,"None in collection",IF(K11>J11,"No","Need More")))) | N11: =IF(ISBLANK(I11),"",IF(J11>K11,J11-K11,""))
D12: =IF(ISBLANK(B12), "", IFERROR(VLOOKUP(B12,Sheet1!A:C,3,FALSE),"Number not found")) | E12: =IF(ISBLANK(B12),"",IF(ISTEXT(D12),"!",IF(D12=0,"None in collection",IF(D12>C12,"No","Need More")))) | F12: =IF(ISBLANK(B12),"",IF(C12>D12,C12-D12,"")) | K12: =IF(ISBLANK(I12), "", IFERROR(VLOOKUP(I12,Sheet2!A:C,3,FALSE),"Number not found")) | L12: =IF(ISBLANK(I12), "", IFERROR(VLOOKUP(I12,Sheet2!A:D,4,FALSE),"Number not found")) | M12: =IF(ISBLANK(I12),"",IF(ISTEXT(K12),"!",IF(K12=0,"None in collection",IF(K12>J12,"No","Need More")))) | N12: =IF(ISBLANK(I12),"",IF(J12>K12,J12-K12,""))
D13: =IF(ISBLANK(B13), "", IFERROR(VLOOKUP(B13,Sheet1!A:C,3,FALSE),"Number not found")) | E13: =IF(ISBLANK(B13),"",IF(ISTEXT(D13),"!",IF(D13=0,"None in collection",IF(D13>C13,"No","Need More")))) | F13: =IF(ISBLANK(B13),"",IF(C13>D13,C13-D13,"")) | K13: =IF(ISBLANK(I13), "", IFERROR(VLOOKUP(I13,Sheet2!A:C,3,FALSE),"Number not found")) | L13: =IF(ISBLANK(I13), "", IFERROR(VLOOKUP(I13,Sheet2!A:D,4,FALSE),"Number not found")) | M13: =IF(ISBLANK(I13),"",IF(ISTEXT(K13),"!",IF(K13=0,"None in collection",IF(K13>J13,"No","Need More")))) | N13: =IF(ISBLANK(I13),"",IF(J13>K13,J13-K13,""))
D14: =IF(ISBLANK(B14), "", IFERROR(VLOOKUP(B14,Sheet1!A:C,3,FALSE),"Number not found")) | E14: =IF(ISBLANK(B14),"",IF(ISTEXT(D14),"!",IF(D14=0,"None in collection",IF(D14>C14,"No","Need More")))) | F14: =IF(ISBLANK(B14),"",IF(C14>D14,C14-D14,"")) | K14: =IF(ISBLANK(I14), "", IFERROR(VLOOKUP(I14,Sheet2!A:C,3,FALSE),"Number not found")) | L14: =IF(ISBLANK(I14), "", IFERROR(VLOOKUP(I14,Sheet2!A:D,4,FALSE),"Number not found")) | M14: =IF(ISBLANK(I14),"",IF(ISTEXT(K14),"!",IF(K14=0,"None in collection",IF(K14>J14,"No","Need More")))) | N14: =IF(ISBLANK(I14),"",IF(J14>K14,J14-K14,""))
D15: =IF(ISBLANK(B15), "", IFERROR(VLOOKUP(B15,Sheet1!A:C,3,FALSE),"Number not found")) | E15: =IF(ISBLANK(B15),"",IF(ISTEXT(D15),"!",IF(D15=0,"None in collection",IF(D15>C15,"No","Need More")))) | F15: =IF(ISBLANK(B15),"",IF(C15>D15,C15-D15,"")) | K15: =IF(ISBLANK(I15), "", IFERROR(VLOOKUP(I15,Sheet2!A:C,3,FALSE),"Number not found")) | L15: =IF(ISBLANK(I15), "", IFERROR(VLOOKUP(I15,Sheet2!A:D,4,FALSE),"Number not found")) | M15: =IF(ISBLANK(I15),"",IF(ISTEXT(K15),"!",IF(K15=0,"None in collection",IF(K15>J15,"No","Need More")))) | N15: =IF(ISBLANK(I15),"",IF(J15>K15,J15-K15,""))
D16: =IF(ISBLANK(B16), "", IFERROR(VLOOKUP(B16,Sheet1!A:C,3,FALSE),"Number not found")) | E16: =IF(ISBLANK(B16),"",IF(ISTEXT(D16),"!",IF(D16=0,"None in collection",IF(D16>C16,"No","Need More")))) | F16: =IF(ISBLANK(B16),"",IF(C16>D16,C16-D16,"")) | K16: =IF(ISBLANK(I16), "", IFERROR(VLOOKUP(I16,Sheet2!A:C,3,FALSE),"Number not found")) | L16: =IF(ISBLANK(I16), "", IFERROR(VLOOKUP(I16,Sheet2!A:D,4,FALSE),"Number not found")) | M16: =IF(ISBLANK(I16),"",IF(ISTEXT(K16),"!",IF(K16=0,"None in collection",IF(K16>J16,"No","Need More")))) | N16: =IF(ISBLANK(I16),"",IF(J16>K16,J16-K16,""))
